dataset,profile,kind,kib,n,sourceBytes,gzipBytes,readyMs_median,readyMs_p25,readyMs_p75,readyMs_min,readyMs_max,readyMs_medianCi95Low,readyMs_medianCi95High,resourceMs_median,resourceMs_p25,resourceMs_p75,resourceMs_min,resourceMs_max,resourceMs_medianCi95Low,resourceMs_medianCi95High,afterResponseMs_median,afterResponseMs_p25,afterResponseMs_p75,afterResponseMs_min,afterResponseMs_max,afterResponseMs_medianCi95Low,afterResponseMs_medianCi95High,mainThreadTaskMs_median,mainThreadTaskMs_p25,mainThreadTaskMs_p75,mainThreadTaskMs_min,mainThreadTaskMs_max,mainThreadTaskMs_medianCi95Low,mainThreadTaskMs_medianCi95High,scriptDurationMs_median,scriptDurationMs_p25,scriptDurationMs_p75,scriptDurationMs_min,scriptDurationMs_max,scriptDurationMs_medianCi95Low,scriptDurationMs_medianCi95High,longTaskMaxMs_median,longTaskMaxMs_p25,longTaskMaxMs_p75,longTaskMaxMs_min,longTaskMaxMs_max,longTaskMaxMs_medianCi95Low,longTaskMaxMs_medianCi95High,blockingOver50Ms_median,blockingOver50Ms_p25,blockingOver50Ms_p75,blockingOver50Ms_min,blockingOver50Ms_max,blockingOver50Ms_medianCi95Low,blockingOver50Ms_medianCi95High,heapDeltaMiB_median,heapDeltaMiB_p25,heapDeltaMiB_p75,heapDeltaMiB_min,heapDeltaMiB_max,heapDeltaMiB_medianCi95Low,heapDeltaMiB_medianCi95High,click25Ms_median,click25Ms_p25,click25Ms_p75,click25Ms_min,click25Ms_max,click25Ms_medianCi95Low,click25Ms_medianCi95High,click100Ms_median,click100Ms_p25,click100Ms_p75,click100Ms_min,click100Ms_max,click100Ms_medianCi95Low,click100Ms_medianCi95High,settledClickMs_median,settledClickMs_p25,settledClickMs_p75,settledClickMs_min,settledClickMs_max,settledClickMs_medianCi95Low,settledClickMs_medianCi95High,loadingFrameMaxMs_median,loadingFrameMaxMs_p25,loadingFrameMaxMs_p75,loadingFrameMaxMs_min,loadingFrameMaxMs_max,loadingFrameMaxMs_medianCi95Low,loadingFrameMaxMs_medianCi95High,settledFrameMaxMs_median,settledFrameMaxMs_p25,settledFrameMaxMs_p75,settledFrameMaxMs_min,settledFrameMaxMs_max,settledFrameMaxMs_medianCi95Low,settledFrameMaxMs_medianCi95High,transferBytes_median,transferBytes_p25,transferBytes_p75,transferBytes_min,transferBytes_max,transferBytes_medianCi95Low,transferBytes_medianCi95High
cold,local-1x,comment,0,15,101,105,10.0,7.25,13.150000000139698,6.100000000093132,15.799999999813735,7.600000000093132,12.899999999906868,5.399999999906868,4.400000000023283,8.45000000006985,3.1000000000931323,12.0,4.100000000093132,6.800000000046566,2.5,1.8000000000465661,3.2500000001164153,1.0,7.699999999953434,2.1000000000931323,2.800000000046566,4.249000000000002,3.0330000000000013,6.1209999999999996,2.479999999999996,8.032999999999998,2.939999999999998,6.147999999999997,0.13000000000000034,0.12599999999999997,0.15949999999999986,0.11800000000000005,0.29200000000000004,0.12599999999999992,0.1569999999999998,0.0,0.0,0.0,0.0,0.0,0.0,0.0,0.0,0.0,0.0,0.0,0.0,0.0,0.0,0.033397674560546875,0.033397674560546875,0.03340911865234375,0.033321380615234375,0.03340911865234375,0.033397674560546875,0.03340911865234375,2.199999999953434,1.5000000001164153,2.9999999998835847,1.1999999997206032,6.5,1.595000000094298,3.300000000046566,1.8000000000465661,1.4500000000698492,2.1000000000931323,1.1999999999534339,2.699999999953434,1.4000000001396984,2.1000000000931323,1.5,1.1999999999534339,1.5999999998603016,1.1000000000931323,1.6999999999534339,1.1999999999534339,1.6000000000931323,16.699999999999996,16.6,16.700000000000003,16.599999999999994,16.700000000000003,16.6,16.700000000000003,16.799999999999983,16.75,16.80000000000001,16.700000000000017,16.80000000000001,16.797499999999957,16.80000000000001,401.0,401.0,401.0,401.0,401.0,401.0,401.0
cold,local-1x,comment,128,15,131072,15657,12.199999999953434,9.899999999790452,14.70000000006985,6.5,16.800000000046566,10.599999999860302,14.700000000186265,6.899999999906868,5.950000000069849,8.750000000116415,2.6000000000931323,10.400000000139698,6.5,8.900000000139698,4.199999999953434,3.050000000046566,5.099999999976717,2.0999999998603016,7.399999999906868,3.0,4.9100000001314035,3.3700000000000014,3.0085000000000006,4.964000000000003,2.825000000000001,7.438000000000001,3.047000000000001,5.147000000000002,0.14599999999999985,0.1335,0.16349999999999998,0.11200000000000013,0.5119999999999999,0.134,0.16899999999999987,0.0,0.0,0.0,0.0,0.0,0.0,0.0,0.0,0.0,0.0,0.0,0.0,0.0,0.0,0.0334014892578125,0.03339385986328125,0.033405303955078125,0.0333709716796875,0.033412933349609375,0.03339385986328125,0.033405303955078125,2.2999999998137355,2.0,2.450000000069849,1.6000000000931323,4.0,2.0,2.5,1.8999999999068677,1.4500000000698492,2.199999999953434,1.099999999627471,11.0,1.4000000001396984,2.199999999953434,1.4000000001396984,1.1999999998370185,1.6999999999534339,1.0,1.8000000000465661,1.1999999997206032,1.6999999999534339,16.699999999999996,16.65,16.75,16.599999999999994,16.800000000000004,16.69999999999999,16.700000000000003,16.700000000000045,16.700000000000045,16.80000000000001,16.700000000000045,16.800000000000068,16.700000000000045,16.80000000000001,131372.0,131372.0,131372.0,131372.0,131372.0,131372.0,131372.0
cold,local-1x,comment,512,15,524288,61453,18.899999999906868,17.45000000006985,19.550000000046566,12.0,28.600000000093132,17.700000000186265,19.600000000093132,11.300000000046566,7.849999999976717,12.499999999883585,5.800000000046566,19.0,7.0,12.199999999953434,7.100000000093132,5.600000000093132,9.54999999993015,2.0,12.0,5.7000000001862645,10.099999999860302,3.8469999999999964,3.5899999999999994,5.498000000000003,2.832999999999999,9.183999999999997,3.4570000000000016,5.982000000000001,0.17500000000000002,0.16049999999999984,0.1984999999999999,0.13699999999999996,0.27200000000000013,0.15700000000000003,0.20300000000000007,0.0,0.0,0.0,0.0,0.0,0.0,0.0,0.0,0.0,0.0,0.0,0.0,0.0,0.0,0.033405303955078125,0.033405303955078125,0.033412933349609375,0.0333709716796875,0.04817962646484375,0.033405303955078125,0.033412933349609375,2.300000000046566,2.199999999953434,2.8499999998603016,1.3000000000465661,4.199999999953434,2.199999999953434,2.6124999996389304,2.300000000046566,2.0000000001164153,2.950000000069849,1.3999999999068677,8.199999999953434,1.9000000001396984,3.0,1.3999999999068677,1.25,1.5499999998137355,1.0,1.6999999999534339,1.3000000000465661,1.599999999627471,16.700000000000003,16.700000000000003,16.700000000000003,16.599999999999994,16.799999999999997,16.700000000000003,16.700000000000003,16.80000000000001,16.700000000000045,16.80000000000001,16.700000000000045,16.800000000000068,16.700000000000045,16.80000000000001,524588.0,524588.0,524588.0,524588.0,524588.0,524588.0,524588.0
cold,local-1x,comment,1024,15,1048576,122444,24.100000000093132,21.800000000046566,26.9000000001397,20.899999999906868,55.89999999990687,22.199999999953434,26.9000000001397,14.900000000139698,12.350000000093132,16.599999999976717,9.699999999953434,26.5,11.200000000186265,16.899999999906868,10.300000000046566,7.949999999953434,13.349999999976717,3.9000000001396984,33.200000000186265,8.199999999953434,15.399999999906868,4.870999999999993,4.210000000000002,6.9345,3.388000000000002,11.247,4.291000000000003,8.559999999999999,0.1869999999999999,0.16350000000000003,0.29150000000000004,0.1429999999999999,0.8370000000000001,0.16100000000000012,0.29200000000000004,0.0,0.0,0.0,0.0,0.0,0.0,0.0,0.0,0.0,0.0,0.0,0.0,0.0,0.0,0.033412933349609375,0.03340721130371094,0.05011177062988281,0.03337860107421875,0.050140380859375,0.0334014892578125,0.05011749267578125,2.2999999998137355,1.9500000000698492,2.6000000000931323,1.4000000001396984,3.2999999998137355,2.0,2.6000000000931323,2.199999999953434,1.6999999998370185,2.849999999976717,1.1999999999534339,11.400000000139698,1.7949999998149013,2.800000000046566,1.5,1.2999999998137355,1.5,1.1000000000931323,1.9000000001396984,1.2999999998137355,1.5,16.700000000000003,16.700000000000003,16.700000000000003,16.699999999999996,16.700000000000017,16.700000000000003,16.700000000000003,16.700000000000045,16.700000000000045,16.700000000000045,16.69999999999999,16.80000000000001,16.700000000000045,16.700000000000045,1048876.0,1048876.0,1048876.0,1048876.0,1048876.0,1048876.0,1048876.0
cold,local-1x,comment,2048,15,2097152,244328,50.59999999962747,46.95000000006985,52.800000000046566,43.60000000009313,89.89999999990687,45.60000000009313,53.10000000009313,23.5999999998603,21.45000000006985,28.099999999976717,17.699999999720603,49.0999999998603,20.800000000046566,27.300000000046566,26.199999999953434,22.849999999976717,31.300000000046566,9.900000000372529,59.799999999813735,21.899999999906868,32.0,8.778,7.551499999999999,9.792500000000004,5.911000000000003,16.285,7.689000000000002,9.913000000000006,0.37999999999999967,0.3275,0.5125,0.27499999999999997,0.7910000000000005,0.33799999999999997,0.44300000000000006,0.0,0.0,0.0,0.0,0.0,0.0,0.0,0.0,0.0,0.0,0.0,0.0,0.0,0.0,0.050140380859375,0.0501251220703125,0.050140380859375,0.049770355224609375,0.0582733154296875,0.050121307373046875,0.050140380859375,2.800000000046566,2.050000000046566,3.4999999997671694,1.4000000001396984,7.699999999953434,1.9000000001396984,3.6999999997206032,1.7999999998137355,1.5500000000465661,2.3499999998603016,1.1000000000931323,3.5,1.6000000000931323,2.0,1.5,1.349999999976717,1.6999999999534339,1.1999999997206032,3.2999999998137355,1.3000000000465661,1.6999999999534339,16.700000000000003,16.700000000000003,16.70000000000001,16.700000000000003,16.800000000000004,16.700000000000003,16.700000000000017,16.700000000000045,16.700000000000045,16.75000000000003,16.700000000000045,16.80000000000001,16.700000000000045,16.80000000000001,2097452.0,2097452.0,2097452.0,2097452.0,2097452.0,2097452.0,2097452.0
cold,local-1x,comment,5120,15,5242880,608583,82.79999999981374,76.29999999993015,85.25,68.69999999995343,217.10000000009313,76.19999999995343,84.70000000018626,42.90000000037253,37.75,53.20000000006985,20.9000000001397,82.3000000002794,37.5,56.200000000186265,38.89999999990687,32.249999999883585,44.09999999997672,25.199999999953434,132.89999999990687,33.39999999990687,43.800000000046566,10.212,9.218999999999996,15.767000000000003,6.674999999999997,22.686000000000003,9.180999999999997,15.017000000000003,0.7060000000000001,0.5479999999999999,0.901,0.472,2.436,0.5469999999999999,0.8800000000000001,0.0,0.0,0.0,0.0,0.0,0.0,0.0,0.0,0.0,0.0,0.0,0.0,0.0,0.0,0.058086395263671875,0.05800056457519531,0.05830574035644531,0.0556488037109375,0.058666229248046875,0.057994842529296875,0.0583038330078125,2.8999999999068677,2.450000000069849,3.2500000001164153,1.599999999627471,4.600000000093132,2.300000000046566,3.1000000000931323,1.6999999999534339,1.2000000000698492,2.1999999998370185,0.6999999999534339,3.199999999953434,1.1000000000931323,2.300000000046566,1.4000000001396984,1.1999999999534339,1.6000000000931323,1.1000000000931323,2.0,1.1999999999534339,1.6000000000931323,16.700000000000017,16.700000000000003,16.700000000000017,16.700000000000003,16.80000000000001,16.700000000000003,16.700000000000017,16.700000000000045,16.700000000000045,16.799999999999983,16.700000000000045,16.80000000000001,16.700000000000045,16.799999999999955,5243180.0,5243180.0,5243180.0,5243180.0,5243180.0,5243180.0,5243180.0
cold,local-1x,comment,10240,15,10485760,1215401,140.80000000004657,133.04999999993015,143.0,113.60000000009313,154.29999999981374,132.30000000004657,143.89999999990687,96.10000000009313,83.15000000002328,99.04999999993015,54.5,104.5,82.5,98.5,46.5,37.449999999953434,55.64999999990687,27.0,76.5,37.5,53.32249999972814,13.333999999999998,12.32,14.293999999999997,9.206000000000003,17.773000000000003,11.677,13.921999999999997,0.7060000000000001,0.692,0.7410000000000001,0.5870000000000001,2.155,0.692,0.7530000000000002,0.0,0.0,0.0,0.0,0.0,0.0,0.0,0.0,0.0,0.0,0.0,0.0,0.0,0.0,0.05858612060546875,0.0584259033203125,0.0586090087890625,0.05057525634765625,0.059070587158203125,0.05854034423828125,0.0586090087890625,3.6000000000931323,2.550000000046566,4.200000000069849,2.0,5.699999999953434,2.6000000000931323,3.9000000001396984,3.0,2.099999999976717,4.300000000046566,1.5,6.0,2.199999999953434,4.300000000046566,1.3999999999068677,1.1999999999534339,1.5500000000465661,1.1000000000931323,1.8000000000465661,1.1999999999534339,1.6000000000931323,16.700000000000017,16.700000000000017,16.799999999999997,16.700000000000003,16.80000000000001,16.700000000000017,16.799999999999997,16.700000000000045,16.700000000000045,16.80000000000001,16.700000000000045,16.800000000000068,16.700000000000045,16.80000000000001,10486060.0,10486060.0,10486060.0,10486060.0,10486060.0,10486060.0,10486060.0
cold,local-1x,functions,128,15,131072,15648,15.400000000139698,14.099999999860302,17.600000000093132,11.599999999860302,35.5999999998603,14.099999999860302,19.600000000093132,6.100000000093132,4.0,6.599999999976717,2.800000000046566,9.300000000046566,4.300000000046566,6.399999999906868,9.400000000139698,7.449999999953434,11.0,4.600000000093132,28.199999999953434,7.699999999953434,10.399999999906868,5.604999999999999,4.343500000000001,6.7040000000000015,3.7589999999999986,13.424000000000001,4.4159999999999995,7.1350000000000025,0.4159999999999997,0.36050000000000004,1.1484999999999999,0.3370000000000005,3.3640000000000003,0.365,1.2899999999999996,0.0,0.0,0.0,0.0,0.0,0.0,0.0,0.0,0.0,0.0,0.0,0.0,0.0,0.0,0.14806747436523438,0.14805030822753906,0.14806747436523438,0.14799880981445312,0.16478347778320312,0.14804458618164062,0.14806747436523438,2.0,1.6999999998370185,3.0999999998603016,1.4000000001396984,6.099999999860302,1.6999999997206032,2.5299999999925786,1.9000000001396984,1.5500000000465661,2.3999999997904524,1.1000000000931323,4.5,1.5,2.599999999627471,1.4000000001396984,1.25,1.5500000000465661,1.1000000000931323,2.099999999627471,1.3000000000465661,1.6000000000931323,16.700000000000003,16.700000000000003,16.700000000000003,16.69999999999999,16.799999999999997,16.700000000000003,16.700000000000003,16.80000000000001,16.700000000000045,16.80000000000001,16.700000000000045,16.80000000000001,16.700000000000045,16.80000000000001,131372.0,131372.0,131372.0,131372.0,131372.0,131372.0,131372.0
cold,local-1x,functions,512,15,524288,61444,32.89999999990687,28.55000000016298,49.64999999990687,20.800000000046566,128.30000000004657,28.699999999953434,49.0,11.100000000093132,8.849999999976717,13.350000000093132,4.300000000046566,34.9000000001397,8.599999999860302,14.0,20.40000000037253,16.699999999953434,36.95000000006985,14.299999999813735,99.80000000004657,17.800000000046566,37.300000000046566,9.886,6.6625,12.032999999999994,3.8490000000000015,13.955999999999996,6.483000000000002,12.362999999999992,1.5310000000000001,0.9655,2.5715,0.8590000000000002,5.612,0.9339999999999999,2.668,0.0,0.0,0.0,0.0,0.0,0.0,0.0,0.0,0.0,0.0,0.0,0.0,0.0,0.0,0.4921455383300781,0.49019813537597656,0.49217987060546875,0.47544097900390625,0.4996986389160156,0.49018096923828125,0.49217987060546875,3.2999999998137355,2.450000000069849,4.900000000139698,1.5,7.199999999720603,2.4000000001396984,4.900000000139698,2.0,1.75,2.4999999998835847,1.0,6.300000000046566,1.8000000000465661,2.4000000001396984,1.4000000001396984,1.1999999999534339,1.5,1.1000000000931323,2.0,1.1999999999534339,1.5,16.700000000000003,16.700000000000003,16.70000000000001,16.69999999999999,16.80000000000001,16.700000000000003,16.700000000000003,16.700000000000045,16.700000000000045,16.799999999999983,16.700000000000045,16.80000000000001,16.700000000000045,16.80000000000001,524588.0,524588.0,524588.0,524588.0,524588.0,524588.0,524588.0
cold,local-1x,functions,1024,15,1048576,122437,55.39999999990687,52.749999999883585,63.39999999979045,49.0,68.89999999990687,52.799999999813735,65.6999999997206,13.700000000186265,12.150000000023283,15.599999999976717,7.600000000093132,24.9000000001397,11.800000000046566,16.0999999998603,41.799999999813735,38.04999999993015,47.84999999997672,21.5,60.39999999990687,39.89999999990687,47.4000000001397,11.238999999999999,9.721,12.181500000000003,7.767999999999997,15.083999999999996,9.833000000000002,12.328000000000007,2.568,2.293,2.8285,1.99,3.8019999999999996,2.269,2.709,0.0,0.0,0.0,0.0,0.0,0.0,0.0,0.0,0.0,0.0,0.0,0.0,0.0,0.0,0.9490547180175781,0.9490375518798828,0.9490604400634766,0.9487457275390625,0.9572296142578125,0.9490432739257812,0.949066162109375,2.199999999953434,1.7999999999301508,4.149999999906868,1.5,10.699999999953434,1.9000000001396984,4.2999999998137355,1.6999999997206032,1.25,1.9500000000698492,1.0,5.0,1.1999999999534339,1.8000000000465661,1.2999999998137355,1.1999999998370185,1.400000000023283,1.0,1.6000000000931323,1.1999999997206032,1.4000000001396984,16.700000000000003,16.700000000000003,16.70000000000001,16.699999999999996,16.80000000000001,16.700000000000003,16.700000000000003,16.80000000000001,16.799999999999983,16.80000000000001,16.700000000000045,16.80000000000001,16.80000000000001,16.80000000000001,1048876.0,1048876.0,1048876.0,1048876.0,1048876.0,1048876.0,1048876.0
cold,local-1x,functions,2048,15,2097152,244317,91.8000000002794,90.25,96.30000000004657,83.80000000004657,190.0,89.5,98.0,20.700000000186265,17.05000000016298,23.499999999883585,11.800000000046566,41.799999999813735,19.75750000014091,23.199999999720603,69.29999999981374,67.45000000006985,75.6500000001397,58.699999999953434,147.10000000009313,67.70000000018626,74.60000000009313,14.097999999999999,12.7185,15.478999999999996,10.998999999999995,20.761000000000003,12.623000000000003,15.892999999999997,3.895,3.609,5.032500000000001,3.324,7.615,3.521,5.077,0.0,0.0,0.0,0.0,0.0,0.0,0.0,0.0,0.0,0.0,0.0,0.0,0.0,0.0,1.7456855773925781,1.745126724243164,1.7458076477050781,1.7374801635742188,1.746337890625,1.7454490661621094,1.7458152770996094,2.5,1.9000000001396984,3.1000000000931323,1.6000000000931323,12.899999999906868,2.0,3.1000000000931323,1.6999999999534339,1.4499999999534339,2.950000000069849,0.9000000001396984,4.199999999953434,1.3999999999068677,3.0,1.5,1.2499999998835847,1.5999999998603016,1.099999999627471,1.6999999999534339,1.1999999999534339,1.599999999627471,16.700000000000017,16.700000000000003,16.700000000000017,16.700000000000003,16.80000000000001,16.700000000000003,16.700000000000017,16.700000000000045,16.700000000000045,16.799999999999955,16.700000000000045,16.80000000000001,16.700000000000045,16.799999999999955,2097452.0,2097452.0,2097452.0,2097452.0,2097452.0,2097452.0,2097452.0
cold,local-1x,functions,5120,15,5242880,608575,212.0,201.15000000002328,218.04999999981374,192.0,419.39999999990687,203.0,219.09999999962747,94.39999999990687,85.5999999998603,99.19999999995343,74.30000000004657,268.9000000001397,85.0999999998603,100.60000000009313,117.4000000001397,116.04999999981374,124.5999999998603,90.29999999981374,215.69999999995343,115.79999999981374,127.6999999997206,22.447999999999997,21.214999999999996,24.962000000000003,18.418999999999997,34.966,21.019,23.327,8.48,6.279,10.135,5.845999999999999,15.806000000000001,6.188,10.225,0.0,0.0,0.0,0.0,0.0,0.0,0.0,0.0,0.0,0.0,0.0,0.0,0.0,0.0,4.522979736328125,4.522737503051758,4.522985458374023,4.519229888916016,4.523002624511719,4.522529602050781,4.522991180419922,2.300000000046566,1.900000000023283,2.900000000023283,1.4000000001396984,7.199999999720603,1.8000000000465661,2.9000000001396984,1.8999999999068677,1.4499999999534339,2.099999999976717,1.1000000000931323,7.5,1.5,2.199999999953434,1.4000000001396984,1.1999999999534339,1.5999999998603016,1.0,2.0,1.1999999999534339,1.6000000000931323,16.700000000000045,16.700000000000017,16.800000000000004,16.700000000000017,16.80000000000001,16.700000000000017,16.799999999999997,16.799999999999955,16.700000000000045,16.80000000000004,16.700000000000045,16.800000000000068,16.700000000000045,16.80000000000001,5243180.0,5243180.0,5243180.0,5243180.0,5243180.0,5243180.0,5243180.0
cold,local-1x,functions,10240,15,10485760,1215390,358.5,318.0999999999767,434.30000000004657,313.0,605.7000000001863,317.60000000009313,445.69999999995343,280.70000000018626,241.75000000011642,316.5000000001164,232.9000000001397,496.20000000018626,241.4000000001397,320.4000000001397,77.0,75.74999999988358,79.44999999983702,71.29999999981374,124.19999999995343,75.5999999998603,79.79999999981374,28.612,27.259500000000003,32.696,24.692999999999998,43.305,27.179,32.74,12.138000000000002,11.6815,12.365,11.462,25.824999999999996,11.699,12.234,0.0,0.0,0.0,0.0,0.0,0.0,0.0,0.0,0.0,0.0,0.0,0.0,0.0,0.0,8.90377426147461,8.902227401733398,8.903928756713867,8.895893096923828,8.90488052368164,8.902198791503906,8.903919219970703,2.3999999999068677,2.199999999953434,3.150000000023283,1.6000000000931323,5.599999999627471,2.199999999953434,2.699999999953434,2.199999999953434,1.5500000000465661,3.9000000001396984,1.4000000001396984,11.900000000139698,1.5,3.9000000001396984,1.5,1.349999999976717,1.6000000000931323,1.1999999999534339,2.1000000000931323,1.3999999999068677,1.6000000000931323,16.799999999999997,16.700000000000045,16.80000000000001,16.700000000000017,16.80000000000001,16.700000000000045,16.80000000000001,16.700000000000045,16.700000000000045,16.75,16.700000000000045,16.800000000000068,16.700000000000045,16.700000000000045,10486060.0,10486060.0,10486060.0,10486060.0,10486060.0,10486060.0,10486060.0
cold,local-1x,initialized,128,15,131072,15235,27.399999999906868,25.849999999976717,30.749999999883585,22.200000000186265,39.60000000009313,25.899999999906868,31.699999999953434,7.600000000093132,6.199999999953434,9.199999999953434,2.800000000046566,15.100000000093132,6.100000000093132,9.599999999860302,18.199999999953434,16.5,21.75,14.699999999953434,28.899999999906868,16.199999999953434,20.5,14.472,13.440999999999999,15.559500000000003,11.500999999999998,18.611000000000004,13.429000000000004,15.008000000000004,9.280999999999999,8.306999999999999,9.6895,7.524,12.968,8.228,9.895,0.0,0.0,0.0,0.0,0.0,0.0,0.0,0.0,0.0,0.0,0.0,0.0,0.0,0.0,0.39188385009765625,0.3771247863769531,0.3919029235839844,0.3771018981933594,0.3939056396484375,0.3771247863769531,0.39190673828125,3.4000000001396984,2.0999999998603016,4.949999999953434,1.1000000000931323,12.100000000093132,2.0,5.699999999953434,2.1000000000931323,1.5999999998603016,2.900000000023283,1.099999999627471,4.199999999953434,1.599999999627471,3.0,1.3999999999068677,1.25,1.5,1.099999999627471,1.6999999999534339,1.3000000000465661,1.5,16.700000000000003,16.700000000000003,16.700000000000003,16.69999999999999,16.80000000000001,16.700000000000003,16.700000000000003,16.799999999999955,16.700000000000045,16.80000000000001,16.700000000000045,16.800000000000068,16.700000000000045,16.80000000000001,131372.0,131372.0,131372.0,131372.0,131372.0,131372.0,131372.0
cold,local-1x,initialized,512,15,524288,59657,81.60000000009313,76.94999999995343,85.85000000009313,68.0,90.80000000004657,77.89999999990687,85.30000000004657,9.600000000093132,8.29999999993015,11.100000000093132,5.800000000046566,16.100000000093132,8.300000000046566,10.600000000093132,69.89999999990687,63.94999999983702,74.80000000004657,59.700000000186265,81.30000000004657,64.0999999998603,74.5,42.13400000000001,38.17150000000001,46.849999999999994,35.553000000000004,54.228,39.493,48.99999999999999,32.395999999999994,30.393499999999996,36.7305,28.914,44.19,30.290999999999997,35.5529749999991,0.0,0.0,0.0,0.0,0.0,0.0,0.0,0.0,0.0,0.0,0.0,0.0,0.0,0.0,1.4106979370117188,1.4106864929199219,1.4148826599121094,1.4106407165527344,1.4189605712890625,1.4106864929199219,1.4109077453613281,2.4000000001396984,1.75,3.450000000069849,1.3999999999068677,4.699999999720603,1.6999999999534339,3.5,1.3999999999068677,1.25,2.199999999953434,0.9000000001396984,3.1000000000931323,1.1999999999534339,1.6999999999534339,1.3000000000465661,1.1999999998370185,1.5,1.0,2.1000000000931323,1.1999999999534339,1.5,16.700000000000003,16.700000000000003,16.700000000000017,16.700000000000003,16.799999999999997,16.700000000000003,16.700000000000017,16.700000000000045,16.700000000000045,16.80000000000001,16.69999999999999,16.80000000000001,16.700000000000045,16.80000000000001,524588.0,524588.0,524588.0,524588.0,524588.0,524588.0,524588.0
cold,local-1x,initialized,1024,15,1048576,118739,132.5999999998603,128.25,146.3499999998603,121.0,274.19999999995343,128.39999999990687,148.5999999998603,13.900000000139698,13.099999999976717,19.1500000001397,7.300000000046566,34.5,13.100000000093132,18.200000000186265,118.5,114.09999999997672,126.64999999990687,106.69999999995343,237.9000000001397,114.19999999995343,126.89999999990687,72.198,70.89150000000001,77.9225,66.766,96.86399999999999,71.274,77.693,62.725,60.81699999999999,68.261,58.13699999999999,79.265,61.58270000000001,70.072,63.0,60.5,68.0,58.0,79.0,60.0,70.0,13.0,10.5,18.0,8.0,29.0,11.0,20.0,2.7202377319335938,2.714418411254883,2.720611572265625,2.7122650146484375,2.7228622436523438,2.7126197814941406,2.7207298278808594,2.4000000001396984,1.9999999998835847,4.0,1.4000000001396984,6.0,1.9000000001396984,3.800000000046566,26.199999999953434,21.549999999813735,33.34999999997672,1.5,48.300000000046566,23.09999999962747,34.0,1.4000000001396984,1.3000000000465661,1.5,1.1999999999534339,1.6999999999534339,1.3000000000465661,1.5,50.0,49.900000000000006,50.05,33.20000000000002,66.69999999999999,49.900000000000006,50.099999999999994,16.799999999999955,16.700000000000045,16.80000000000001,16.700000000000045,16.80000000000001,16.700000000000045,16.80000000000001,1048876.0,1048876.0,1048876.0,1048876.0,1048876.0,1048876.0,1048876.0
cold,local-1x,initialized,2048,15,2097152,237021,230.80000000004657,224.79999999981374,237.80000000004657,207.29999999981374,347.19999999995343,226.29999999981374,236.19999999995343,20.0,17.20000000006985,24.699999999953434,10.900000000139698,52.59999999962747,16.4000000001397,23.299999999813735,209.70000000018626,196.30000000004657,217.5,172.70000000018626,310.29999999981374,194.80000000004657,219.0,116.509,112.34549999999999,124.3065,90.51099999999998,150.45,113.51542500000001,126.98899999999999,106.071,102.83,111.0795,76.98299999999999,137.18099999999998,104.36800000000001,107.92217499999758,105.0,102.0,110.5,76.0,137.0,100.0,107.0,55.0,52.0,60.5,26.0,87.0,50.0,64.0,5.115810394287109,5.1120147705078125,5.145307540893555,5.087127685546875,5.4212493896484375,5.112648010253906,5.142307281494141,2.199999999953434,2.0,2.550000000046566,1.6000000000931323,7.0,2.0,2.6000000000931323,2.0,1.599999999976717,2.2499999997671694,1.1999999999534339,4.100000000093132,1.5999999998603016,2.2999999998137355,1.6000000000931323,1.4000000001396984,1.650000000023283,1.099999999627471,3.800000000046566,1.4000000001396984,1.6999999999534339,100.0,83.39999999999999,100.09999999999998,49.89999999999998,116.69999999999999,83.39999999999998,100.1,16.700000000000045,16.700000000000045,16.700000000000045,16.700000000000045,16.80000000000001,16.700000000000045,16.700000000000045,2097452.0,2097452.0,2097452.0,2097452.0,2097452.0,2097452.0,2097452.0
cold,local-1x,initialized,5120,15,5242880,590760,437.19999999995343,428.20000000006985,443.0,404.20000000018626,706.1999999999534,428.4000000001397,444.5,94.1999999997206,89.8499999998603,103.94999999995343,81.10000000009313,384.4000000001397,89.29999999981374,105.10000000009313,335.30000000004657,327.95000000006985,343.25,320.60000000009313,391.80000000004657,331.19999999995343,344.5,189.34300000000002,185.46949999999998,191.8175,182.888,197.393,185.62199999999999,192.615,172.534,171.52100000000002,175.46099999999998,171.09099999999998,183.504,171.27200000000002,174.94099999999997,173.0,172.0,176.0,172.0,184.0,172.0,176.0,123.0,122.0,126.0,122.0,134.0,122.0,126.0,13.266670227050781,13.26335334777832,13.363746643066406,13.249866485595703,13.448036193847656,13.264091491699219,13.447128295898438,2.5,2.050000000046566,4.249999999883585,1.6999999999534339,4.900000000139698,2.0,4.400000000139698,1.8999999999068677,1.5500000000465661,3.549999999930151,1.2999999998137355,5.800000000046566,1.692499999958093,2.4000000001396984,1.5,1.3000000000465661,1.7499999997671694,1.0,2.0,1.3000000000465661,1.6999999997206032,150.0,149.95,166.6,149.89999999999998,166.8,149.89999999999998,166.60000000000002,16.700000000000045,16.700000000000045,16.75,16.700000000000045,16.800000000000068,16.700000000000045,16.799999999999955,5243180.0,5243180.0,5243180.0,5243180.0,5243180.0,5243180.0,5243180.0
cold,local-1x,initialized,10240,15,10485760,1179750,764.2000000001863,744.050000000163,820.5999999999767,739.0,1185.8000000002794,742.3000000000466,831.8999999999069,262.0,250.35000000009313,271.95000000018626,237.10000000009313,350.80000000004657,250.9000000001397,272.70000000018626,498.29999999981374,491.4000000000233,542.2499999998836,483.0,913.6000000000931,491.60000000009313,580.0999999998603,373.96299999999997,363.63250000000005,401.3185,361.374,781.2860000000001,363.47,381.962,351.012,345.0285,381.2555,342.10200000000003,758.772,344.914,358.50399999999996,353.0,346.5,383.0,344.0,763.0,347.0,406.0,303.0,296.5,333.0,294.0,713.0,296.0,356.0,26.55459213256836,26.373029708862305,26.57853889465332,26.326820373535156,26.609519958496094,26.380451202392578,26.581100463867188,2.1000000000931323,1.7499999998835847,3.6500000001396984,1.1999999997206032,5.900000000139698,1.6999999999534339,3.9000000001396984,2.199999999953434,1.9000000001396984,3.1499999999068677,1.1999999999534339,12.400000000139698,1.9000000001396984,3.2999999998137355,1.3999999999068677,1.1999999999534339,1.6499999997904524,1.0,2.1000000000931323,1.1999999999534339,1.6999999999534339,333.30000000000007,333.3,375.04999999999995,333.19999999999993,750.0,333.3,400.0999999999999,16.700000000000045,16.700000000000045,16.799999999999955,16.700000000000045,16.800000000000182,16.700000000000045,16.799999999999955,10486060.0,10486060.0,10486060.0,10486060.0,10486060.0,10486060.0,10486060.0
cold,local-4x,comment,0,15,101,105,24.399999999906868,22.449999999953434,26.75,17.199999999953434,50.3000000002794,22.399999999906868,28.199999999953434,13.400000000372529,11.349999999976717,15.04999999993015,4.399999999906868,27.600000000093132,11.5,15.699999999953434,6.399999999906868,5.499999999883585,10.400000000023283,2.199999999953434,22.90000000037253,5.699999999953434,8.800000000046566,19.83399999999999,17.173500000000008,29.151000000000003,10.899000000000006,48.68600000000001,16.477000000000004,28.315999999999995,1.287,0.4394999999999998,2.523,0.1479999999999997,12.278,0.5269999999999997,2.5820000000000003,0.0,0.0,0.0,0.0,0.0,0.0,0.0,0.0,0.0,0.0,0.0,0.0,0.0,0.0,0.033420562744140625,0.03340339660644531,0.03342628479003906,0.033355712890625,0.05036163330078125,0.033397674560546875,0.03342084884643554,5.900000000139698,4.699999999953434,6.749999999767169,1.4000000001396984,14.400000000139698,4.399999999906868,6.7999999998137355,3.5,3.049999999930151,4.300000000046566,1.7999999998137355,5.899999999906868,2.8999999999068677,4.300000000046566,2.5,1.9000000001396984,2.900000000023283,1.6000000000931323,4.400000000139698,1.9000000001396984,2.800000000046566,16.700000000000017,16.69999999999999,16.749999999999986,16.69999999999999,33.30000000000001,16.69999999999999,16.799999999999955,16.80000000000001,16.799999999999955,16.800000000000068,16.700000000000045,16.800000000000068,16.799999999999955,16.800000000000068,401.0,401.0,401.0,401.0,401.0,401.0,401.0
cold,local-4x,comment,128,15,131072,15657,32.300000000046566,24.300000000046566,41.500000000116415,16.0999999998603,58.199999999953434,24.700000000186265,35.51500000017819,14.300000000046566,12.800000000162981,18.150000000023283,4.899999999906868,24.0999999998603,12.800000000279397,18.300000000046566,11.199999999953434,10.0,18.650000000023283,4.399999999906868,34.199999999953434,10.0,14.699999999953434,27.74599999999999,18.602500000000003,31.902500000000007,3.284000000000009,43.041,21.71100000000001,29.935000000000002,0.2890000000000002,0.18500000000000005,0.8534999999999998,0.13399999999999956,8.711,0.18599999999999997,1.1879999999999997,0.0,0.0,0.0,0.0,0.0,0.0,0.0,0.0,0.0,0.0,0.0,0.0,0.0,0.0,0.04817962646484375,0.033412933349609375,0.04898262023925781,0.03130340576171875,0.05035400390625,0.033412933349609375,0.049774169921875,6.400000000139698,5.25,7.650000000023283,3.1999999997206032,18.4000000001397,5.5,7.199999999953434,3.800000000046566,2.949999999953434,4.249999999767169,1.4000000001396984,7.7999999998137355,2.699999999953434,4.099999999627471,2.5,2.1999999997206032,2.900000000023283,1.5,8.699999999953434,2.2999999998137355,2.800000000046566,16.700000000000017,16.700000000000017,16.700000000000017,16.69999999999999,16.80000000000001,16.700000000000017,16.700000000000017,16.799999999999955,16.700000000000045,16.799999999999983,16.700000000000045,16.80000000000001,16.700000000000045,16.799999999999955,131372.0,131372.0,131372.0,131372.0,131372.0,131372.0,131372.0
cold,local-4x,comment,512,15,524288,61453,59.799999999813735,52.449999999953434,75.05000000004657,30.0999999998603,110.0,51.299999999813735,77.20000000018626,29.300000000046566,23.550000000046566,35.65000000002328,8.699999999953434,47.89999999990687,22.200000000186265,37.60000000009313,25.800000000046566,22.649999999906868,41.34999999997672,15.800000000046566,63.9000000001397,22.399999999906868,37.5,36.02099999999999,30.288999999999987,44.61049999999999,16.690000000000012,72.264,30.329849999999997,44.66199999999998,1.277,0.3330000000000004,2.7840000000000007,0.1879999999999998,8.516000000000002,0.3270000000000009,3.2000000000000006,0.0,0.0,0.0,0.0,0.0,0.0,0.0,0.0,0.0,0.0,0.0,0.0,0.0,0.0,0.05034637451171875,0.0501251220703125,0.05525016784667969,0.03339385986328125,0.058406829833984375,0.050128936767578125,0.053592681884765625,6.300000000046566,4.400000000023283,10.349999999976717,1.6000000000931323,19.0,4.495000000001166,8.0,3.8999999999068677,2.450000000069849,6.9499999998370185,1.2999999998137355,12.699999999720603,1.9000000001396984,7.699999999720603,2.6000000000931323,2.1999999998370185,3.5,1.4000000001396984,5.5,2.199999999953434,3.0,16.700000000000017,16.700000000000017,16.700000000000017,16.69999999999999,16.80000000000001,16.700000000000017,16.700000000000017,16.799999999999955,16.700000000000045,16.80000000000004,16.700000000000045,16.800000000000068,16.700000000000045,16.800000000000068,524588.0,524588.0,524588.0,524588.0,524588.0,524588.0,524588.0
cold,local-4x,comment,1024,15,1048576,122444,63.10000000009313,51.59999999997672,72.70000000006985,30.200000000186265,78.5,51.5999999998603,71.10000000009313,27.0,21.599999999976717,38.20000000006985,10.300000000046566,42.9000000001397,22.899999999906868,39.10000000009313,30.399999999906868,22.75,35.29999999993015,12.300000000046566,43.300000000046566,25.0,33.199999999953434,33.46399999999999,25.75,40.035499999999985,13.183999999999973,69.14999999999999,23.45799999999999,40.06999999999999,2.3320000000000003,0.47900000000000026,3.5659999999999994,0.2680000000000009,11.068000000000001,0.46000000000000035,3.6489999999999996,0.0,0.0,0.0,0.0,0.0,0.0,0.0,0.0,0.0,0.0,0.0,0.0,0.0,0.0,0.050151824951171875,0.05013465881347656,0.050323486328125,0.033359527587890625,0.058376312255859375,0.050128936767578125,0.050304412841796875,5.5,4.199999999953434,8.400000000139698,1.9000000001396984,10.400000000139698,4.199999999953434,8.400000000139698,3.1000000000931323,2.0,3.799999999930151,1.1000000000931323,5.5,2.0,3.6999999997206032,2.4000000001396984,2.050000000046566,2.7999999998137355,1.4000000001396984,4.300000000046566,2.1000000000931323,3.0,16.700000000000017,16.700000000000017,16.700000000000017,16.69999999999999,16.799999999999983,16.700000000000017,16.700000000000017,16.700000000000045,16.700000000000045,16.80000000000004,16.700000000000045,16.800000000000068,16.700000000000045,16.800000000000068,1048876.0,1048876.0,1048876.0,1048876.0,1048876.0,1048876.0,1048876.0
cold,local-4x,comment,2048,15,2097152,244328,80.19999999995343,66.9000000001397,84.10000000009313,58.300000000046566,127.39999999990687,68.89500000000702,83.60000000009313,33.5999999998603,26.599999999976717,45.90000000002328,19.100000000093132,69.10000000009313,27.300000000046566,46.10000000009313,38.199999999953434,24.350000000093132,49.699999999953434,12.700000000186265,72.0,24.587500000093137,51.5,33.497,29.612000000000002,38.99850000000001,20.375000000000004,43.437000000000005,28.37999999999999,39.671000000000014,1.66,1.3765,3.7605,0.3510000000000002,5.711999999999999,1.5110000000000001,4.0809999999999995,0.0,0.0,0.0,0.0,0.0,0.0,0.0,0.0,0.0,0.0,0.0,0.0,0.0,0.0,0.057476043701171875,0.050327301025390625,0.058368682861328125,0.0500030517578125,0.058498382568359375,0.0503082275390625,0.05835723876953125,7.100000000093132,4.549999999930151,8.600000000093132,1.5,13.0,3.7999999998137355,9.600000000093132,3.7999999998137355,2.0,4.499999999883585,1.1000000000931323,6.900000000139698,2.0,4.400000000139698,2.6000000000931323,2.3500000000931323,3.1999999997206032,1.5,4.900000000139698,2.300000000046566,3.2999999998137355,16.700000000000017,16.700000000000017,16.75,16.700000000000017,16.80000000000001,16.700000000000017,16.799999999999983,16.799999999999955,16.700000000000045,16.800000000000068,16.700000000000045,16.800000000000068,16.700000000000045,16.800000000000068,2097452.0,2097452.0,2097452.0,2097452.0,2097452.0,2097452.0,2097452.0
cold,local-4x,comment,5120,15,5242880,608583,161.89999999990687,138.05000000004657,173.24999999988358,101.20000000018626,538.3999999999069,137.80000000004657,174.5999999998603,88.5,81.30000000004657,101.30000000004657,44.0999999998603,297.89999999990687,81.60000000009313,102.30000000004657,61.10000000009313,45.10000000009313,77.49999999988358,30.300000000046566,236.10000000009313,45.0,85.79999999981374,53.508,44.394499999999994,56.535000000000004,33.08299999999997,79.80000000000001,44.414999999999985,56.94999999999999,3.392,1.7094999999999998,6.617000000000001,1.2809999999999993,12.081999999999999,1.644999999999999,4.897,0.0,0.0,0.0,0.0,0.0,0.0,0.0,0.0,0.0,0.0,0.0,0.0,0.0,0.0,0.058689117431640625,0.058475494384765625,0.05944252014160156,0.050518035888671875,0.05997467041015625,0.058551788330078125,0.05937957763671875,5.400000000139698,3.400000000023283,8.849999999976717,2.3999999999068677,13.100000000093132,3.6000000000931323,9.199999999953434,4.2999999998137355,1.7999999999301508,4.750000000116415,1.1999999999534339,7.400000000139698,1.6999999997206032,4.600000000093132,2.6000000000931323,2.400000000023283,2.849999999976717,1.6999999999534339,4.0,2.5,2.800000000046566,16.700000000000045,16.700000000000017,16.80000000000001,16.69999999999999,16.80000000000001,16.700000000000017,16.80000000000001,16.799999999999955,16.700000000000045,16.799999999999955,16.700000000000045,16.800000000000068,16.700000000000045,16.799999999999955,5243180.0,5243180.0,5243180.0,5243180.0,5243180.0,5243180.0,5243180.0
cold,local-4x,comment,10240,15,10485760,1215401,209.5,193.34999999997672,222.75,133.89999999990687,601.5999999996275,196.0,221.89999999990687,160.30000000004657,116.34999999997672,177.25,82.5,565.2000000001863,115.0,182.5,44.0999999998603,37.65000000002328,51.0,27.0999999998603,121.89999999990687,36.5,51.699999999953434,63.02400000000001,51.65500000000001,84.84949999999999,38.060999999999986,116.50799999999998,51.27200000000001,82.72399999999999,4.690999999999999,3.1740000000000004,12.0195,1.3439999999999996,24.032,3.1330000000000005,12.514000000000001,0.0,0.0,0.0,0.0,0.0,0.0,0.0,0.0,0.0,0.0,0.0,0.0,0.0,0.0,0.059513092041015625,0.058979034423828125,0.059612274169921875,0.0572509765625,0.060169219970703125,0.059001922607421875,0.059665679931640625,7.199999999720603,5.900000000023283,11.29999999993015,3.6000000000931323,23.199999999720603,5.800000000046566,11.400000000139698,4.300000000046566,2.9999999998835847,7.950000000069849,1.6999999999534339,16.0,2.599999999627471,8.400000000139698,2.5,2.2499999998835847,2.699999999953434,1.6999999999534339,3.800000000046566,2.1999999997206032,2.699999999953434,16.799999999999955,16.700000000000045,16.80000000000001,16.69999999999999,33.30000000000001,16.700000000000045,16.80000000000001,16.700000000000045,16.700000000000045,16.799999999999955,16.700000000000045,16.800000000000068,16.700000000000045,16.799999999999955,10486060.0,10486060.0,10486060.0,10486060.0,10486060.0,10486060.0,10486060.0
cold,local-4x,functions,128,15,131072,15648,35.800000000046566,32.65000000002328,56.64999999990687,29.300000000046566,85.59999999962747,31.899999999906868,58.299999999813735,13.900000000139698,12.20000000006985,15.20000000006985,8.899999999906868,20.699999999953434,12.300000000046566,14.800000000046566,16.700000000186265,14.349999999860302,34.34999999997672,9.399999999906868,58.0,14.899999999906868,38.89999999990687,28.589000000000002,21.7215,38.01,12.582999999999997,61.21500000000002,21.790000000000003,36.913000000000004,2.389,1.2834999999999996,6.420999999999999,0.418,8.462999999999997,1.168,6.205,0.0,0.0,0.0,0.0,0.0,0.0,0.0,0.0,0.0,0.0,0.0,0.0,0.0,0.0,0.162841796875,0.1554431915283203,0.16460800170898438,0.145965576171875,0.16499710083007812,0.14807891845703125,0.16448211669921875,6.7999999998137355,4.600000000093132,8.550000000046566,2.0,12.299999999813735,4.800000000046566,8.600000000093132,3.6000000000931323,2.949999999953434,7.649999999906868,1.6000000000931323,11.900000000139698,2.8999999999068677,8.699999999720603,2.6999999997206032,2.150000000023283,2.8500000000931323,1.6999999999534339,4.599999999627471,2.1000000000931323,2.9000000001396984,16.700000000000017,16.700000000000017,16.700000000000017,16.69999999999999,16.799999999999983,16.700000000000017,16.700000000000017,16.80000000000001,16.799999999999955,16.80000000000001,16.700000000000045,16.800000000000068,16.799999999999955,16.80000000000001,131372.0,131372.0,131372.0,131372.0,131372.0,131372.0,131372.0
cold,local-4x,functions,512,15,524288,61444,78.60000000009313,68.8499999998603,85.94999999983702,49.5,170.30000000004657,62.39999999990687,84.30000000004657,16.699999999953434,12.449999999953434,25.000000000116415,9.399999999906868,41.89999999990687,12.199999999953434,26.4000000001397,61.39999999990687,44.749999999883585,66.00000000011642,26.799999999813735,125.10000000009313,43.39999999990687,63.910000000048456,36.15400000000002,30.9675,43.754000000000005,18.334000000000003,69.60000000000002,30.058,42.438,4.6709999999999985,2.995,7.76,1.183,14.405999999999999,3.2969999999999997,9.451999999999998,0.0,0.0,0.0,0.0,0.0,0.0,0.0,0.0,0.0,0.0,0.0,0.0,0.0,0.0,0.4994926452636719,0.4923820495605469,0.5004234313964844,0.4903411865234375,0.5015411376953125,0.49237060546875,0.5004196166992188,5.599999999627471,3.7500000001164153,10.199999999953434,1.1999999999534339,15.699999999953434,3.6000000000931323,10.299999999813735,2.6999999997206032,1.9499999998370185,4.000000000116415,1.3000000000465661,6.300000000046566,2.1999999997206032,3.9000000001396984,2.1000000000931323,2.0,2.5,1.599999999627471,3.1999999997206032,2.0,2.5,16.700000000000017,16.700000000000017,16.799999999999997,16.69999999999999,33.400000000000034,16.700000000000017,16.799999999999983,16.700000000000045,16.700000000000045,16.80000000000001,16.700000000000045,16.800000000000068,16.700000000000045,16.80000000000001,524588.0,524588.0,524588.0,524588.0,524588.0,524588.0,524588.0
cold,local-4x,functions,1024,15,1048576,122437,123.20000000018626,106.44999999983702,145.20000000006985,66.10000000009313,215.39999999990687,109.79999999981374,145.80000000004657,21.9000000001397,18.25,37.79999999993015,10.399999999906868,51.10000000009313,17.600000000093132,37.0,84.60000000009313,78.25,112.5500000002794,44.800000000046566,190.10000000009313,76.89999999990687,121.8000000002794,44.47200000000001,39.2375,63.452,37.17500000000001,88.315,39.503999999999984,64.196,8.005999999999998,7.009,10.924,5.523999999999999,23.354,7.106000000000001,11.092999999999998,0.0,0.0,0.0,0.0,0.0,0.0,0.0,0.0,0.0,0.0,0.0,0.0,0.0,0.0,0.9574317932128906,0.9532279968261719,0.9575176239013672,0.9492607116699219,0.9584388732910156,0.9506378173828125,0.9575119018554688,5.099999999627471,2.400000000023283,6.300000000046566,2.0,7.100000000093132,2.199999999953434,6.199999999953434,3.8999999999068677,2.599999999976717,7.950000000069849,1.8000000000465661,14.599999999627471,2.6949999999545997,6.400000000139698,2.699999999953434,2.150000000023283,3.0499999998137355,1.8000000000465661,4.600000000093132,2.0,3.099999999627471,16.700000000000045,16.700000000000017,16.80000000000001,16.700000000000017,16.80000000000001,16.700000000000017,16.80000000000001,16.700000000000045,16.700000000000045,16.799999999999983,16.700000000000045,16.800000000000068,16.700000000000045,16.799999999999955,1048876.0,1048876.0,1048876.0,1048876.0,1048876.0,1048876.0,1048876.0
cold,local-4x,functions,2048,15,2097152,244317,169.19999999995343,150.54999999993015,190.10000000009313,92.29999999981374,225.19999999995343,148.5999999998603,187.9000000001397,31.899999999906868,25.799999999813735,43.90000000002328,20.300000000046566,67.30000000004657,25.299999999813735,44.5,130.0,99.15000000002328,149.4000000001397,68.39999999990687,171.69999999995343,84.10000000009313,150.10000000009313,60.64100000000001,49.673,68.7055,40.27,153.92,47.250000000000014,68.37299999999999,13.293999999999999,11.8135,16.7055,6.757,25.634,11.757,15.754999999999999,0.0,0.0,0.0,0.0,0.0,0.0,0.0,0.0,0.0,0.0,0.0,0.0,0.0,0.0,1.7459907531738281,1.7447261810302734,1.7468204498291016,1.7379112243652344,1.7470207214355469,1.7444000244140625,1.7467231750488281,5.699999999953434,3.849999999976717,7.950000000069849,1.8000000000465661,11.300000000046566,2.699999999953434,8.600000000093132,4.199999999953434,3.25,7.650000000139698,1.8000000000465661,23.0,3.0,7.800000000279397,2.199999999953434,2.0,2.4000000001396984,1.6999999999534339,3.1999999997206032,2.0,2.4000000001396984,16.700000000000017,16.700000000000017,16.80000000000001,16.700000000000017,33.299999999999955,16.700000000000017,16.80000000000001,16.799999999999955,16.700000000000045,16.799999999999955,16.700000000000045,16.800000000000068,16.700000000000045,16.799999999999955,2097452.0,2097452.0,2097452.0,2097452.0,2097452.0,2097452.0,2097452.0
cold,local-4x,functions,5120,15,5242880,608575,289.0999999998603,248.0,297.95000000018626,208.70000000018626,323.39999999990687,252.60000000009313,296.70000000018626,151.5999999998603,123.04999999993015,172.44999999995343,86.5,192.5,127.0999999998603,171.89999999990687,118.79999999981374,117.75,121.5,113.80000000004657,191.69999999995343,117.39999999990687,121.5,81.46800000000002,78.551,89.16500000000002,64.679,95.41600000000001,78.816,90.83400000000003,31.043000000000003,29.4915,33.236000000000004,27.887999999999998,44.599,29.55,33.222,0.0,0.0,0.0,0.0,0.0,0.0,0.0,0.0,0.0,0.0,0.0,0.0,0.0,0.0,4.522968292236328,4.522956848144531,4.522985458374023,4.522518157958984,4.523326873779297,4.522956848144531,4.522979736328125,4.399999999906868,3.099999999976717,7.550000000046566,1.5,15.199999999953434,2.9000000001396984,7.400000000139698,3.1000000000931323,2.6499999997904524,4.300000000046566,1.1999999999534339,6.400000000139698,2.599999999627471,4.0,2.4000000001396984,2.2499999998835847,2.950000000069849,1.7999999998137355,3.4000000001396984,2.2999999998137355,2.9000000001396984,16.80000000000001,16.700000000000045,33.30000000000001,16.700000000000045,33.400000000000034,16.700000000000045,33.30000000000001,16.700000000000045,16.700000000000045,16.799999999999955,16.700000000000045,16.800000000000068,16.700000000000045,16.799999999999955,5243180.0,5243180.0,5243180.0,5243180.0,5243180.0,5243180.0,5243180.0
cold,local-4x,functions,10240,15,10485760,1215390,432.4000000001397,409.1500000000233,456.3499999999767,349.69999999995343,860.6000000000931,409.19999999995343,467.39999999990687,267.79999999981374,253.45000000006985,302.1500000001397,196.20000000018626,437.30000000004657,255.0,295.3000000002794,152.8000000002794,151.69999999995343,153.40000000002328,144.0,419.30000000004657,150.89999999990687,153.39999999990687,122.58800000000002,116.5015,129.543,106.72599999999998,148.083,117.58117500000002,130.689,57.323,55.884,60.666999999999994,54.544000000000004,68.272,55.9,60.33999999999999,66.0,65.0,67.0,64.0,85.0,65.0,67.0,16.0,15.0,17.0,14.0,35.0,15.0,17.0,8.904857635498047,8.904544830322266,8.904993057250977,8.89748764038086,8.90521240234375,8.904823303222656,8.905109405517578,5.600000000093132,3.050000000046566,8.350000000093132,1.599999999627471,12.0,3.4000000001396984,8.300000000046566,3.199999999953434,2.0999999998603016,5.350000000093132,1.5,7.0,2.1000000000931323,5.600000000093132,2.4000000001396984,2.1000000000931323,3.150000000023283,1.1999999999534339,6.199999999953434,2.1000000000931323,3.300000000046566,50.0,50.0,66.60000000000002,49.89999999999998,66.70000000000005,50.0,66.60000000000002,16.799999999999955,16.700000000000045,16.799999999999955,16.700000000000045,16.800000000000068,16.700000000000045,16.799999999999955,10486060.0,10486060.0,10486060.0,10486060.0,10486060.0,10486060.0,10486060.0
cold,local-4x,initialized,128,15,131072,15235,86.80000000004657,77.20000000006985,96.90000000002328,56.5,171.19999999995343,80.10000000009313,96.80000000004657,14.600000000093132,9.949999999953434,19.5,4.399999999906868,27.40000000037253,10.299999999813735,19.800000000046566,74.30000000004657,54.00000000023283,77.54999999993015,36.199999999953434,144.80000000004657,51.8000000002794,79.19999999995343,64.647,59.318,72.08650000000002,48.16200000000001,138.516,59.017,75.91300000000001,34.652,30.528,41.23349999999999,22.122000000000003,70.67,30.471999999999998,39.13542499999839,0.0,0.0,0.0,0.0,61.0,0.0,0.0,0.0,0.0,0.0,0.0,11.0,0.0,0.0,0.3940391540527344,0.3928565979003906,0.3940868377685547,0.391876220703125,0.4024238586425781,0.3937950134277344,0.3940849304199219,11.099999999627471,6.299999999930151,29.400000000023283,1.3999999999068677,64.69999999995343,6.699999999720603,31.300000000046566,2.199999999953434,1.5500000000465661,4.300000000046566,0.8000000000465661,70.0,1.6000000000931323,4.199999999953434,2.6000000000931323,2.300000000046566,3.0,1.3000000000465661,6.599999999627471,2.300000000046566,3.0,16.80000000000001,16.700000000000017,33.30000000000001,16.700000000000017,66.70000000000005,16.700000000000017,33.30000000000001,16.799999999999955,16.700000000000045,16.799999999999983,16.700000000000045,16.800000000000068,16.700000000000045,16.80000000000001,131372.0,131372.0,131372.0,131372.0,131372.0,131372.0,131372.0
cold,local-4x,initialized,512,15,524288,59657,193.60000000009313,178.8499999998603,204.65000000002328,153.30000000004657,215.6999999997206,179.0874999998603,205.30000000004657,16.399999999906868,13.999999999883585,21.5,8.699999999953434,34.5,13.699999999720603,18.600000000093132,170.10000000009313,152.45000000006985,184.84999999997672,137.5,195.79999999981374,156.30000000004657,185.9000000001397,125.081,116.5745,143.07399999999998,108.72,172.41500000000002,115.948,139.271,99.056,89.715,103.88550000000001,85.802,116.94600000000001,88.79100000000001,103.33300000000001,97.0,87.5,101.0,86.0,123.0,87.0,100.0,47.0,37.5,51.0,36.0,73.0,38.0,50.0,1.4189643859863281,1.4155654907226562,1.4194793701171875,1.4104118347167969,1.4212493896484375,1.4125556945800781,1.41949462890625,5.5,3.5999999998603016,7.200000000069849,2.300000000046566,12.400000000139698,3.6000000000931323,7.600000000093132,57.5,3.9999999998835847,75.5,1.4000000001396984,95.60000000009313,3.1999999997206032,76.10000000009313,2.7999999998137355,2.349999999976717,3.050000000046566,1.6000000000931323,5.699999999953434,2.3975000001315503,3.1000000000931323,83.39999999999998,66.75000000000003,91.70000000000002,66.60000000000002,116.70000000000002,66.80000000000001,100.0,16.700000000000045,16.700000000000045,16.799999999999983,16.700000000000045,16.800000000000068,16.700000000000045,16.799999999999955,524588.0,524588.0,524588.0,524588.0,524588.0,524588.0,524588.0
cold,local-4x,initialized,1024,15,1048576,118739,305.70000000018626,291.550000000163,332.9000000001397,261.60000000009313,343.89999999990687,290.4000000001397,335.10000000009313,26.800000000046566,22.500000000116415,30.599999999976717,9.199999999953434,68.69999999995343,24.300000000279397,29.934999999909852,274.1999999997206,257.75,293.80000000004657,233.3000000002794,322.69999999995343,256.5,299.30000000004657,217.85999999999999,213.81499999999997,221.66449999999998,203.44899999999998,240.00500000000002,211.70799999999997,221.70399999999998,173.402,170.925,182.9555,167.84199999999998,197.158,170.864,186.179,172.0,169.0,180.0,165.0,196.0,169.0,179.0,122.0,119.0,130.0,115.0,146.0,119.0,131.0,2.7209129333496094,2.7208213806152344,2.7211685180664062,2.7126197814941406,2.7220497131347656,2.7208213806152344,2.7211685180664062,6.0,3.650000000023283,10.499999999883585,2.5,41.699999999953434,3.0,9.599999999627471,6.100000000093132,3.7500000001164153,160.69999999995343,1.9000000001396984,186.09999999962747,3.4000000001396984,162.0,2.599999999627471,2.2500000001164153,2.799999999930151,1.6999999999534339,3.300000000046566,2.1000000000931323,2.8999999999068677,166.60000000000002,158.3,166.7,149.89999999999998,183.40000000000003,166.60000000000002,166.7,16.700000000000045,16.700000000000045,16.80000000000001,16.700000000000045,16.800000000000068,16.700000000000045,16.799999999999955,1048876.0,1048876.0,1048876.0,1048876.0,1048876.0,1048876.0,1048876.0
cold,local-4x,initialized,2048,15,2097152,237021,524.1999999999534,504.5,533.0999999999767,465.19999999995343,600.3999999999069,499.0,537.1999999999534,43.800000000046566,30.20000000006985,53.199999999953434,15.0,81.80000000004657,36.5,54.800000000046566,477.10000000009313,456.39999999990687,493.70000000006985,416.5,572.2999999998137,447.0,489.0,399.31100000000004,392.8265,406.32150000000007,373.921,480.322,392.661,402.0517249999968,348.15000000000003,340.94100000000003,352.459,336.63699999999994,433.743,339.34600000000006,352.986,345.0,340.5,348.5,335.0,425.0,340.0,348.0,295.0,290.5,298.5,285.0,375.0,291.0,298.0,5.12042236328125,5.113912582397461,5.148530960083008,5.109493255615234,5.184856414794922,5.114349365234375,5.144169521331784,6.800000000046566,4.450000000069849,10.249999999883585,1.5,12.600000000093132,4.0,10.299999999813735,3.4000000001396984,2.049999999930151,4.499999999883585,1.4000000001396984,12.800000000046566,1.9000000001396984,4.699999999953434,2.7999999998137355,2.1499999999068677,3.3499999998603016,1.3000000000465661,5.0,2.0,3.1000000000931323,333.3,333.29999999999995,333.35,316.7,399.9,333.29999999999995,333.4,16.799999999999955,16.700000000000045,16.80000000000001,16.700000000000045,16.800000000000068,16.700000000000045,16.799999999999955,2097452.0,2097452.0,2097452.0,2097452.0,2097452.0,2097452.0,2097452.0
cold,local-4x,initialized,5120,15,5242880,590760,1151.3999999999069,1131.7500000001164,1178.6000000000931,1093.5,1764.3000000000466,1130.3000000002794,1185.9000000003725,150.9000000001397,115.25000000011642,174.44999999995343,90.39999999990687,398.4000000001397,107.80000000004657,175.0,998.6000000000931,987.75,1015.1500000000233,972.5,1361.6999999999534,988.8999999999069,1013.6775000000885,915.2710000000001,900.757,921.6625,887.086,971.399,902.293,920.212,849.6,842.3675,859.306,833.449,884.769,841.8159999999999,862.417,849.0,841.5,851.5,836.0,879.0,842.0,853.0,799.0,791.5,801.5,786.0,829.0,791.0,803.0,13.279403686523438,13.26153564453125,13.446731567382812,13.257747650146484,13.448566436767578,13.260658264160156,13.446739196777344,7.600000000093132,4.850000000093132,9.74999999976717,2.199999999953434,24.699999999953434,4.600000000093132,10.299999999813735,3.3999999999068677,2.099999999976717,4.6999999998370185,1.3000000000465661,12.900000000139698,2.199999999953434,4.800000000046566,2.5,2.2499999998835847,2.900000000023283,2.0,4.400000000139698,2.2999999998137355,2.800000000046566,833.3000000000001,833.3,849.8999999999999,816.6999999999999,866.7,833.3,849.8999999999999,16.799999999999955,16.700000000000045,16.799999999999955,16.700000000000045,16.800000000000182,16.700000000000045,16.799999999999955,5243180.0,5243180.0,5243180.0,5243180.0,5243180.0,5243180.0,5243180.0
cold,local-4x,initialized,10240,15,10485760,1179750,2254.7999999998137,2219.54999999993,2320.25,2165.5,2738.3000000000466,2219.399999999907,2288.5,316.60000000009313,299.45000000006985,337.85000000009313,266.69999999995343,370.20000000018626,294.70000000018626,347.9000000001397,1932.1000000000931,1891.9499999999534,2009.3999999999069,1879.0,2365.399999999907,1890.0999999998603,2028.0999999998603,1812.848,1772.815,1891.8005,1745.995,2208.737,1768.324,1869.392,1741.9989999999998,1695.312,1813.075,1685.2050000000002,2148.2099999999996,1695.105,1831.346,1739.0,1701.5,1820.5,1692.0,2148.0,1702.0,1839.0,1689.0,1651.5,1770.5,1642.0,2098.0,1651.0,1752.0,26.57019805908203,26.556039810180664,26.594467163085938,26.552200317382812,26.61147689819336,26.555953979492188,26.596176147460938,6.199999999720603,4.900000000023283,7.999999999883585,1.599999999627471,10.5,4.5,8.199999999720603,4.100000000093132,2.799999999930151,4.800000000046566,2.099999999627471,8.300000000046566,2.800000000046566,5.0,2.5,2.300000000046566,3.099999999976717,1.8000000000465661,4.300000000046566,2.300000000046566,2.7999999998137355,1716.6999999999998,1699.9,1816.6,1683.2999999999997,2133.2000000000003,1699.8999999999999,1799.9,16.700000000000273,16.700000000000273,16.800000000000182,16.700000000000273,16.800000000000182,16.700000000000273,16.800000000000182,10486060.0,10486060.0,10486060.0,10486060.0,10486060.0,10486060.0,10486060.0
cold,network-4x,comment,0,15,101,105,98.89999999990687,96.19999999995343,101.44999999983702,93.20000000018626,122.60000000009313,95.69999999995343,101.69999999995343,89.29999999981374,87.19999999983702,92.05000000016298,85.6999999997206,98.69999999995343,87.1999999997206,91.9000000001397,4.899999999906868,4.200000000069849,5.599999999976717,2.8999999999068677,26.300000000046566,4.300000000046566,5.600000000093132,28.031,23.90849999999999,30.117000000000004,17.182000000000002,71.38499999999998,21.843999999999987,29.836000000000002,1.9020000000000001,1.3419999999999996,2.6215,1.0150000000000003,4.548000000000001,1.3949999999999996,2.823,0.0,0.0,0.0,0.0,0.0,0.0,0.0,0.0,0.0,0.0,0.0,0.0,0.0,0.0,0.058330535888671875,0.055660247802734375,0.05838203430175781,0.050357818603515625,0.058673858642578125,0.0557708740234375,0.05838775634765625,4.100000000093132,3.1000000000931323,5.650000000023283,1.8000000000465661,11.199999999720603,3.300000000046566,5.600000000093132,2.1000000000931323,1.7000000000698492,3.0,1.0,3.699999999953434,1.5,2.8999999999068677,2.4000000001396984,2.300000000046566,2.949999999953434,1.7999999998137355,3.800000000046566,2.300000000046566,3.0,16.700000000000045,16.700000000000017,16.700000000000045,16.69999999999999,16.80000000000001,16.700000000000017,16.700000000000045,16.799999999999955,16.700000000000045,16.80000000000001,16.700000000000045,16.800000000000068,16.700000000000045,16.799999999999955,405.0,405.0,405.0,405.0,405.0,405.0,405.0
cold,network-4x,comment,128,15,131072,15657,128.39999999990687,126.25,132.05000000004657,121.69999999995343,139.80000000004657,127.0,132.10000000009313,119.29999999981374,117.40000000025611,120.5,113.4000000001397,129.89999999990687,117.40000000037253,120.19999999995343,5.199999999953434,4.699999999953434,6.650000000023283,3.8999999999068677,9.799999999813735,4.699999999953434,6.599999999860302,31.191999999999997,24.716000000000008,31.942499999999992,21.199999999999996,48.18699999999999,23.749000000000006,32.12699999999999,2.2630000000000012,1.6055,3.7620000000000005,1.2239999999999993,9.984,1.546,3.8590000000000004,0.0,0.0,0.0,0.0,0.0,0.0,0.0,0.0,0.0,0.0,0.0,0.0,0.0,0.0,0.058567047119140625,0.05853271484375,0.05859565734863281,0.050579071044921875,0.058635711669921875,0.05853271484375,0.05860137939453125,3.699999999953434,2.950000000069849,4.650000000139698,2.1000000000931323,9.100000000093132,3.4000000001396984,5.400000000139698,2.5,1.9500000000698492,3.050000000046566,1.099999999627471,3.699999999953434,1.9000000001396984,3.1000000000931323,2.199999999953434,1.9000000001396984,2.4000000001396984,1.6999999997206032,3.300000000046566,1.9000000001396984,2.4000000001396984,16.700000000000045,16.69999999999999,16.75000000000003,16.69999999999999,16.80000000000001,16.69999999999999,16.80000000000001,16.799999999999955,16.700000000000045,16.80000000000001,16.700000000000045,16.800000000000068,16.700000000000045,16.800000000000068,15957.0,15957.0,15957.0,15957.0,15957.0,15957.0,15957.0
cold,network-4x,comment,512,15,524288,61453,225.80000000004657,224.44999999995343,230.80000000004657,217.39999999990687,250.5,223.89999999990687,233.5,213.09999999962747,211.0999999998603,217.80000000004657,209.0999999998603,233.5999999998603,210.89999999990687,218.39999999990687,8.099999999627471,7.099999999976717,10.149999999906868,4.699999999953434,16.0,7.1949999999546,11.399999999906868,31.12300000000001,28.6955,40.19299999999999,24.661,59.13699999999999,27.801999999999992,41.463999999999984,2.3369999999999997,1.362,2.8360000000000003,1.0540000000000003,5.589,1.526,2.8460000000000005,0.0,0.0,0.0,0.0,0.0,0.0,0.0,0.0,0.0,0.0,0.0,0.0,0.0,0.0,0.05779266357421875,0.05724906921386719,0.058834075927734375,0.050937652587890625,0.059520721435546875,0.057231903076171875,0.05870819091796875,3.6999999997206032,3.200000000069849,6.049999999930151,1.6000000000931323,9.300000000046566,3.300000000046566,6.199999999720603,2.4000000001396984,2.0999999998603016,3.300000000046566,1.3000000000465661,6.400000000139698,2.0,3.5,2.699999999953434,2.4000000001396984,2.849999999976717,2.0,5.0,2.4000000001396984,2.9000000001396984,16.80000000000001,16.700000000000045,16.80000000000001,16.69999999999999,16.80000000000001,16.700000000000045,16.80000000000001,16.799999999999955,16.700000000000045,16.800000000000068,16.700000000000045,16.800000000000068,16.700000000000045,16.800000000000068,61753.0,61753.0,61753.0,61753.0,61753.0,61753.0,61753.0
cold,network-4x,comment,1024,15,1048576,122444,350.0,345.54999999993015,356.1500000000233,341.80000000004657,368.4000000001397,346.5,356.30000000004657,335.0,332.54999999993015,337.94999999995343,329.60000000009313,349.20000000018626,332.69999999995343,338.39999999990687,9.199999999720603,8.650000000023283,9.849999999976717,6.100000000093132,18.0,8.800000000046566,9.600000000093132,39.053999999999995,28.625999999999983,43.897999999999996,25.50899999999999,129.611,28.499999999999982,45.767,2.4409999999999994,1.4954999999999998,3.2095,1.0640000000000007,12.710999999999999,1.4919999999999993,3.461,0.0,0.0,0.0,0.0,0.0,0.0,0.0,0.0,0.0,0.0,0.0,0.0,0.0,0.0,0.057369232177734375,0.05735015869140625,0.05906105041503906,0.0510406494140625,0.059955596923828125,0.057342529296875,0.05902862548828125,4.100000000093132,3.349999999976717,5.150000000023283,2.5,13.5,3.5,5.100000000093132,1.9000000001396984,1.4499999998370185,3.1999999997206032,1.1000000000931323,5.100000000093132,1.3000000000465661,3.2999999998137355,2.300000000046566,2.2499999998835847,2.6999999998370185,1.8000000000465661,3.6000000000931323,2.199999999953434,2.699999999953434,16.80000000000001,16.75,16.80000000000001,16.700000000000045,16.800000000000068,16.700000000000045,16.80000000000001,16.799999999999955,16.700000000000045,16.800000000000068,16.700000000000045,16.800000000000068,16.700000000000045,16.800000000000068,122744.0,122744.0,122744.0,122744.0,122744.0,122744.0,122744.0
cold,network-4x,comment,2048,15,2097152,244328,604.5999999998603,597.2999999999302,611.2999999999302,590.6000000000931,670.0999999998603,597.0,609.7999999998137,587.0,577.4499999999534,588.6000000000931,574.5,628.9000000001397,577.0,588.6000000000931,14.699999999953434,13.25,16.600000000093132,11.199999999953434,40.0999999998603,13.0,16.5,54.943000000000005,45.753499999999995,57.49749999999999,33.86,117.32700000000001,47.328125000000036,58.046,3.346,2.577000000000001,4.343,2.2600000000000002,5.579000000000001,2.4400000000000013,4.244999999999999,0.0,0.0,0.0,0.0,0.0,0.0,0.0,0.0,0.0,0.0,0.0,0.0,0.0,0.0,0.059234619140625,0.05908393859863281,0.06009674072265625,0.057399749755859375,0.060214996337890625,0.059047698974609375,0.06012725830078125,4.2999999998137355,3.300000000046566,6.149999999906868,2.699999999953434,15.400000000139698,3.0,5.2999999998137355,2.300000000046566,1.75,2.800000000046566,1.099999999627471,4.699999999720603,1.8000000000465661,3.199999999953434,2.2999999998137355,2.0,2.849999999976717,1.5,4.800000000046566,2.0,3.0,16.80000000000001,16.799999999999955,16.80000000000004,16.700000000000045,16.800000000000068,16.799999999999955,16.80000000000001,16.700000000000045,16.700000000000045,16.799999999999955,16.700000000000045,16.800000000000182,16.700000000000045,16.799999999999955,244628.0,244628.0,244628.0,244628.0,244628.0,244628.0,244628.0
cold,network-4x,comment,5120,15,5242880,608583,1351.1999999999534,1342.4000000000233,1363.1500000000233,1326.6000000000931,1393.1999999999534,1341.0,1360.3999999999069,1307.8000000000466,1302.25,1314.8500000000931,1298.7000000001863,1326.5999999998603,1301.7000000001863,1319.6000000000931,36.39999999990687,30.95000000006985,42.59999999997672,26.299999999813735,78.19999999995343,32.9000000001397,40.89999999990687,74.475,60.434000000000005,76.76650000000001,49.42399999999999,101.814,59.358,76.22000000000001,5.946,4.8580000000000005,8.606,2.515,14.218000000000002,4.0969999999999995,9.137999999999998,0.0,0.0,0.0,0.0,0.0,0.0,0.0,0.0,0.0,0.0,0.0,0.0,0.0,0.0,0.061168670654296875,0.05983161926269531,0.06146812438964844,0.053253173828125,0.0623931884765625,0.059886932373046875,0.061458587646484375,3.1000000000931323,2.5999999998603016,3.6000000000931323,1.6999999999534339,4.400000000139698,2.599999999627471,3.4000000001396984,2.699999999953434,2.0999999998603016,3.200000000069849,1.6999999997206032,4.399999999906868,2.0,3.1050000000918954,2.800000000046566,2.1999999998370185,3.050000000046566,1.6999999999534339,3.6000000000931323,2.1999999997206032,3.199999999953434,16.80000000000001,16.799999999999955,16.800000000000125,16.799999999999955,33.40000000000009,16.799999999999955,16.800000000000068,16.799999999999955,16.700000000000045,16.799999999999955,16.700000000000045,16.800000000000182,16.700000000000045,16.799999999999955,608883.0,608883.0,608883.0,608883.0,608883.0,608883.0,608883.0
cold,network-4x,comment,10240,15,10485760,1215401,2613.5,2603.79999999993,2623.8499999999767,2588.4000000001397,2664.899999999907,2604.399999999907,2624.3000000000466,2527.0999999998603,2519.70000000007,2535.0999999999767,2518.1999999999534,2596.1999999997206,2520.100000000093,2531.899999999907,81.5,70.15000000002328,85.19999999995343,57.60000000009313,103.60000000009313,70.70000000018626,85.80000000004657,104.524,96.60299999999998,113.2855,86.889,156.52900000000002,97.64799999999998,116.31899999999999,11.158,7.7765,14.378,6.352999999999999,21.659000000000002,7.945,13.738,0.0,0.0,0.0,0.0,62.0,0.0,0.0,0.0,0.0,0.0,0.0,12.0,0.0,0.0,0.06377792358398438,0.062347412109375,0.06449508666992188,0.0618896484375,0.06600189208984375,0.062347412109375,0.06465911865234375,3.9000000001396984,3.199999999953434,4.950000000069849,2.599999999627471,7.300000000046566,3.199999999953434,5.0,2.800000000046566,2.1000000000931323,3.6000000000931323,1.6000000000931323,5.300000000046566,2.1000000000931323,3.6000000000931323,2.6000000000931323,2.349999999976717,3.0,2.2999999998137355,3.6000000000931323,2.3999999999068677,3.0,33.40000000000009,33.30000000000018,49.950000000000045,16.800000000000182,66.79999999999973,33.30000000000018,49.90000000000009,16.700000000000273,16.700000000000273,16.800000000000182,16.700000000000273,16.800000000000182,16.700000000000273,16.800000000000182,1215701.0,1215701.0,1215701.0,1215701.0,1215701.0,1215701.0,1215701.0
cold,network-4x,functions,128,15,131072,15648,128.30000000004657,125.5,133.75,120.8000000002794,214.80000000004657,127.0,133.60000000009313,117.4000000001397,115.04999999993015,120.49999999976717,113.80000000004657,146.80000000004657,115.19999999995343,120.39999999990687,7.400000000139698,6.149999999906868,8.25,3.400000000372529,56.39999999990687,6.099999999860302,8.0,28.58000000000001,22.489000000000004,32.3225,19.817999999999987,91.15499999999999,23.696999999999996,32.944999999999986,4.233,2.5745,5.156000000000001,0.7099999999999997,9.500000000000002,1.8540000000000005,5.5040000000000004,0.0,0.0,0.0,0.0,0.0,0.0,0.0,0.0,0.0,0.0,0.0,0.0,0.0,0.0,0.17226791381835938,0.16528701782226562,0.17324256896972656,0.16489410400390625,0.17459487915039062,0.165252685546875,0.17324447631835938,3.699999999953434,3.450000000069849,4.900000000023283,2.9000000001396984,13.600000000093132,3.5,4.800000000046566,2.0,1.7999999999301508,3.050000000046566,1.1999999999534339,5.300000000046566,1.8000000000465661,3.300000000046566,2.5,2.349999999976717,2.700000000069849,1.8999999999068677,3.300000000046566,2.3999999999068677,2.800000000046566,16.700000000000045,16.700000000000003,16.80000000000001,16.69999999999999,16.80000000000001,16.69999999999999,16.80000000000001,16.799999999999955,16.700000000000045,16.800000000000068,16.700000000000045,16.800000000000068,16.700000000000045,16.800000000000068,15948.0,15948.0,15948.0,15948.0,15948.0,15948.0,15948.0
cold,network-4x,functions,512,15,524288,61444,228.0,225.65000000002328,229.69999999995343,220.89999999990687,234.70000000018626,225.60000000009313,230.39999999990687,209.5999999998603,208.69999999995343,212.25,207.1999999997206,213.3000000002794,208.80000000004657,211.80000000004657,13.300000000046566,11.95000000006985,14.449999999953434,7.5,17.0,11.800000000046566,14.399999999906868,37.232,33.289500000000004,39.87050000000001,26.526000000000007,48.24399999999999,33.59299999999998,40.05600000000001,5.622,4.9825,6.1785,2.7220000000000004,7.605,4.978000000000001,6.413,0.0,0.0,0.0,0.0,0.0,0.0,0.0,0.0,0.0,0.0,0.0,0.0,0.0,0.0,0.501007080078125,0.4993000030517578,0.5010528564453125,0.4930076599121094,0.5018997192382812,0.4992828369140625,0.5010528564453125,3.8999999999068677,3.6499999999068677,4.199999999720603,3.4000000001396984,6.800000000046566,3.6000000000931323,4.199999999720603,3.1000000000931323,2.300000000046566,3.550000000046566,1.7999999998137355,4.100000000093132,2.1000000000931323,3.5,2.6000000000931323,2.5,2.900000000023283,2.0,5.100000000093132,2.5,3.0,16.799999999999983,16.700000000000017,16.80000000000001,16.69999999999999,16.80000000000001,16.69999999999999,16.80000000000001,16.799999999999955,16.700000000000045,16.800000000000068,16.700000000000045,16.800000000000068,16.700000000000045,16.800000000000068,61744.0,61744.0,61744.0,61744.0,61744.0,61744.0,61744.0
cold,network-4x,functions,1024,15,1048576,122437,354.5,353.54999999993015,363.39999999990687,347.69999999995343,471.10000000009313,353.5999999998603,366.89999999990687,331.40000000037253,329.70000000006985,337.8499999999767,328.19999999995343,429.5,329.60000000009313,336.30000000004657,20.899999999906868,18.0,25.70000000006985,12.800000000046566,45.4000000001397,16.5,25.800000000046566,43.202000000000005,38.99999999999999,50.50749999999999,33.84000000000001,115.57300000000001,38.720000000000006,52.103999999999985,8.392,6.649500000000001,11.402500000000002,3.1820000000000004,19.650000000000002,5.767,11.338000000000001,0.0,0.0,0.0,0.0,0.0,0.0,0.0,0.0,0.0,0.0,0.0,0.0,0.0,0.0,0.9580192565917969,0.9562625885009766,0.9580478668212891,0.9554786682128906,0.95892333984375,0.956268310546875,0.9580424308776856,4.0,3.050000000046566,8.400000000023283,1.6999999999534339,20.4000000001397,3.0,7.399999999906868,2.699999999953434,1.8999999999068677,4.0,1.4000000001396984,9.100000000093132,2.0,4.0,2.5,2.199999999953434,2.699999999953434,1.599999999627471,4.0,2.199999999953434,2.699999999953434,16.799999999999955,16.700000000000045,16.80000000000001,16.700000000000045,16.800000000000068,16.700000000000045,16.80000000000001,16.700000000000045,16.700000000000045,16.799999999999955,16.700000000000045,16.800000000000182,16.700000000000045,16.799999999999955,122737.0,122737.0,122737.0,122737.0,122737.0,122737.0,122737.0
cold,network-4x,functions,2048,15,2097152,244317,614.8000000000466,611.75,622.2499999998836,599.1999999999534,652.2999999998137,612.0999999998603,627.8999999999069,575.7999999998137,574.5500000000466,580.3499999999767,572.3999999999069,596.5,574.5,583.5999999998603,33.9000000001397,33.19999999983702,37.0,20.800000000046566,61.1999999997206,33.1999999997206,37.199999999953434,52.48800000000001,49.339999999999996,62.2175,37.371,82.231,48.487,64.09599999999999,13.2,10.818000000000001,15.3705,4.8950000000000005,20.372999999999998,9.639999999999999,16.223000000000003,0.0,0.0,0.0,0.0,0.0,0.0,0.0,0.0,0.0,0.0,0.0,0.0,0.0,0.0,1.7466011047363281,1.745004653930664,1.7467269897460938,1.7387275695800781,1.7476654052734375,1.7449989318847656,1.7467041015625,4.100000000093132,3.349999999976717,4.600000000093132,1.6999999999534339,8.400000000139698,3.199999999953434,4.600000000093132,2.2999999998137355,1.849999999976717,2.800000000046566,1.1999999997206032,3.9000000001396984,1.6999999999534339,3.0,2.6000000000931323,2.3499999998603016,2.75,2.1000000000931323,2.9000000001396984,2.2999999998137355,2.800000000046566,16.80000000000001,16.799999999999955,16.800000000000068,16.700000000000045,16.800000000000068,16.799999999999955,16.800000000000068,16.700000000000045,16.700000000000045,16.799999999999955,16.700000000000045,16.800000000000182,16.700000000000045,16.799999999999955,244617.0,244617.0,244617.0,244617.0,244617.0,244617.0,244617.0
cold,network-4x,functions,5120,15,5242880,608575,1400.2000000001863,1393.0500000000466,1434.4000000000233,1385.5,1495.6999999999534,1393.8000000000466,1433.3999999999069,1303.1000000000931,1302.2000000001863,1327.4500000001863,1299.1000000000931,1418.6999999999534,1302.6000000000931,1339.2000000001863,86.80000000004657,82.20000000006985,93.0,74.10000000009313,127.80000000004657,79.60000000009313,93.20000000018626,106.46600000000001,100.762,120.333,94.635,165.866,100.20800000000001,125.944,37.13100000000001,34.7765,42.1965,29.562,68.115,35.597,43.15,0.0,0.0,0.0,0.0,71.0,0.0,0.0,0.0,0.0,0.0,0.0,21.0,0.0,0.0,4.522968292236328,4.522558212280273,4.522979736328125,4.522396087646484,4.523410797119141,4.522510528564453,4.522979736328125,3.800000000046566,3.550000000046566,4.349999999860302,3.199999999953434,12.900000000139698,3.5,4.2999999998137355,3.0,2.25,3.450000000069849,2.0,6.199999999953434,2.199999999953434,3.5,2.6999999997206032,2.450000000069849,3.200000000069849,2.099999999627471,5.0,2.4000000001396984,3.300000000046566,33.299999999999955,33.299999999999955,50.0,16.800000000000068,83.39999999999986,33.299999999999955,50.0,16.799999999999955,16.700000000000045,16.800000000000068,16.700000000000045,16.800000000000182,16.700000000000045,16.800000000000182,608875.0,608875.0,608875.0,608875.0,608875.0,608875.0,608875.0
cold,network-4x,functions,10240,15,10485760,1215390,2732.1999999999534,2710.800000000163,2765.8499999999767,2692.899999999907,2934.5,2713.3000000000466,2784.3000000000466,2530.600000000093,2523.0999999998603,2556.149999999907,2519.7999999998137,2627.7000000001863,2522.5999999998603,2557.899999999907,183.5,170.30000000004657,194.09999999997672,152.39999999990687,375.5,167.30000000004657,191.34499999995248,186.9,177.495,205.627,162.02099999999996,211.13600000000002,179.109,204.07500000000005,75.631,68.424,79.92150000000001,62.07899999999999,107.354,69.155,79.94500000000001,80.0,75.5,85.0,55.0,116.0,75.0,86.0,32.0,27.0,37.5,5.0,66.0,28.0,39.0,8.909210205078125,8.908205032348633,8.910171508789062,8.906505584716797,8.911384582519531,8.907470703125,8.909736633300781,3.300000000046566,3.1000000000931323,3.849999999976717,1.5,7.800000000046566,3.1000000000931323,3.9000000001396984,2.5,2.0,3.550000000046566,1.3000000000465661,4.5,2.0,3.6000000000931323,2.5,2.0,2.900000000023283,1.9000000001396984,4.100000000093132,2.0,3.0,83.30000000000018,83.30000000000018,91.65000000000009,50.0,116.70000000000027,83.30000000000018,83.40000000000009,16.799999999999727,16.700000000000273,16.800000000000182,16.700000000000273,16.800000000000182,16.700000000000273,16.800000000000182,1215690.0,1215690.0,1215690.0,1215690.0,1215690.0,1215690.0,1215690.0
cold,network-4x,initialized,128,15,131072,15235,151.10000000009313,148.09999999997672,156.90000000002328,146.30000000004657,165.29999999981374,148.39999999990687,156.5999999998603,119.69999999995343,116.5,122.0,113.79999999981374,124.10000000009313,116.60000000009313,122.79999999981374,28.5,27.95000000006985,30.249999999883585,27.5,39.5,28.0,30.199999999953434,54.456,49.963499999999996,56.8525,44.50900000000001,68.42200000000001,49.565,55.949,24.673000000000002,24.391,26.14,23.319,33.641,24.407999999999998,25.98,0.0,0.0,0.0,0.0,0.0,0.0,0.0,0.0,0.0,0.0,0.0,0.0,0.0,0.0,0.4009666442871094,0.39435768127441406,0.4024238586425781,0.394317626953125,0.40268707275390625,0.3943634033203125,0.4024238586425781,3.599999999627471,3.150000000023283,4.400000000023283,2.300000000046566,6.0,3.199999999953434,4.699999999953434,2.300000000046566,1.6999999999534339,3.550000000046566,1.1999999997206032,10.899999999906868,1.8000000000465661,3.6000000000931323,2.5,2.25,2.900000000023283,2.1000000000931323,4.2999999998137355,2.199999999953434,2.699999999953434,16.799999999999955,16.700000000000045,16.80000000000001,16.69999999999999,16.80000000000001,16.700000000000045,16.80000000000001,16.700000000000045,16.700000000000045,16.75,16.700000000000045,16.800000000000068,16.700000000000045,16.799999999999955,15535.0,15535.0,15535.0,15535.0,15535.0,15535.0,15535.0
cold,network-4x,initialized,512,15,524288,59657,306.69999999995343,304.64999999990687,314.3499999999767,301.0,459.6999999997206,304.39999999990687,313.80000000004657,206.10000000009313,204.75000000011642,211.44999999995343,202.5,245.10000000009313,205.20000000018626,211.69999999995343,97.39999999990687,95.54999999993015,99.45000000006985,92.0,224.29999999981374,95.39999999990687,99.80000000004657,122.266,113.63149999999999,133.12199999999999,101.577,215.38399999999996,114.37899999999999,133.724,86.55399999999999,84.851,88.908,76.614,130.281,84.63999999999999,89.369,86.0,84.0,87.5,74.0,117.0,84.0,88.0,36.0,34.0,37.5,24.0,67.0,34.0,38.0,1.41949462890625,1.4177742004394531,1.42169189453125,1.4131507873535156,1.4237937927246094,1.4176559448242188,1.4213409423828125,3.9000000001396984,3.150000000023283,5.150000000023283,1.5,24.199999999953434,2.699999999953434,5.300000000046566,2.699999999953434,2.0499999998137355,3.799999999930151,1.1999999997206032,10.600000000093132,2.0,3.7049999997310077,2.3999999999068677,1.9500000000698492,2.6000000000931323,1.6999999999534339,3.1000000000931323,1.9000000001396984,2.6000000000931323,83.29999999999995,66.69999999999999,83.30000000000007,66.59999999999997,116.69999999999993,66.70000000000005,83.30000000000007,16.799999999999955,16.75,16.799999999999955,16.700000000000045,16.800000000000068,16.700000000000045,16.799999999999955,59957.0,59957.0,59957.0,59957.0,59957.0,59957.0,59957.0
cold,network-4x,initialized,1024,15,1048576,118739,518.5,515.0999999999767,524.5000000001164,503.39999999990687,563.4000000001397,513.0,522.3000000002794,326.89999999990687,323.95000000018626,333.05000000004657,321.80000000004657,337.10000000009313,324.0,336.30000000004657,187.5,184.45000000018626,189.29999999993015,170.5,230.89999999990687,184.20000000018626,188.89999999990687,207.062,201.1925,219.772,186.708,244.38499999999996,199.627,217.725,168.653,165.0555,171.2215,154.914,210.839,165.319,170.661,166.0,163.5,170.0,153.0,210.0,163.0,172.0,116.0,113.5,120.0,103.0,160.0,113.97500000000001,122.0,2.7215309143066406,2.7199230194091797,2.721658706665039,2.7190780639648438,2.7225723266601562,2.7199172973632812,2.721668243408203,4.199999999953434,3.300000000046566,4.8000000001629815,2.1999999997206032,6.100000000093132,3.300000000046566,4.900000000139698,2.5,1.6999999999534339,3.1999999998370185,0.8999999999068677,3.9000000001396984,1.6999999999534339,3.199999999953434,2.4000000001396984,2.0499999998137355,2.6499999999068677,1.1999999999534339,4.600000000093132,2.099999999627471,2.6000000000931323,150.10000000000002,150.0,166.70000000000005,133.39999999999998,200.0,150.0,166.70000000000005,16.700000000000045,16.700000000000045,16.799999999999955,16.700000000000045,16.800000000000182,16.700000000000045,16.799999999999955,119039.0,119039.0,119039.0,119039.0,119039.0,119039.0,119039.0
cold,network-4x,initialized,2048,15,2097152,237021,953.2999999998137,941.8500000002095,995.0999999999767,930.5999999998603,1257.5,941.8000000000466,978.5,565.8999999999069,562.0500000000466,578.0500000000466,557.6000000000931,643.1000000000931,562.6000000000931,579.2000000001863,376.29999999981374,370.75,411.3499999999767,365.89999999990687,616.3999999999069,370.70000000018626,391.5,396.55199999999996,383.5975,436.94899999999996,367.201,569.273,383.81000000000006,428.93,348.647,336.587,362.756,331.07,499.40900000000005,337.26,364.87399999999997,345.0,336.5,355.0,329.0,491.0,334.0,361.0,295.0,286.5,305.0,279.0,441.0,284.0,299.0,5.153533935546875,5.130777359008789,5.302211761474609,5.122566223144531,5.420127868652344,5.132923126220703,5.419513702392578,4.199999999953434,2.949999999953434,4.900000000023283,1.6000000000931323,9.099999999627471,2.8999999999068677,5.5,2.7999999998137355,2.1500000001396984,3.7500000001164153,1.6999999999534339,9.100000000093132,2.2000000001862645,3.9000000001396984,2.5,2.199999999953434,2.700000000069849,1.5,3.599999999627471,2.199999999953434,2.6000000000931323,333.4,333.3,350.0,316.69999999999993,483.4,333.30000000000007,350.0,16.799999999999955,16.700000000000045,16.800000000000068,16.700000000000045,16.800000000000182,16.700000000000045,16.799999999999955,237321.0,237321.0,237321.0,237321.0,237321.0,237321.0,237321.0
cold,network-4x,initialized,5120,15,5242880,590760,2254.0999999998603,2240.9499999999534,2323.0,2204.1999999999534,2682.5,2238.8000000000466,2328.100000000093,1275.8000000000466,1270.3999999999069,1293.4000000001397,1267.4000000003725,1362.4000000001397,1271.3999999999069,1296.8000000002794,966.6999999999534,943.3999999997905,1037.0499999999302,927.6999999999534,1397.1000000000931,943.0999999996275,1027.5,930.347,914.4265,970.2984999999999,908.9780000000001,1106.0729999999999,914.321,991.2479999999999,853.591,847.115,914.5585,838.658,1017.0310000000001,847.898,893.2049999999999,848.0,843.0,912.5,834.0,1024.0,843.0,892.0,798.0,793.0,862.5,784.0,974.0,793.0,883.0,13.446998596191406,13.270914077758789,13.447671890258789,13.25638198852539,13.448776245117188,13.264106750488281,13.447490692138672,4.0,3.349999999976717,6.599999999976717,2.199999999953434,9.900000000139698,3.3999999999068677,6.0,2.3999999999068677,2.0000000001164153,2.9000000001396984,0.8000000000465661,6.399999999906868,1.9000000001396984,2.9000000001396984,2.6000000000931323,2.299999999930151,2.900000000023283,2.1000000000931323,4.0,2.300000000046566,2.8999999999068677,866.5999999999999,849.9499999999999,908.2,833.2,1066.6,849.9999999999998,883.1999999999998,16.700000000000273,16.700000000000273,16.800000000000182,16.700000000000273,16.800000000000182,16.700000000000273,16.800000000000182,591060.0,591060.0,591060.0,591060.0,591060.0,591060.0,591060.0
cold,network-4x,initialized,10240,15,10485760,1179750,4445.0,4370.449999999837,4607.449999999953,4352.100000000093,4689.199999999953,4366.0999999996275,4618.59999999986,2459.100000000093,2449.3499999999767,2480.04999999993,2446.9000000001397,2581.2999999998137,2449.1999999999534,2492.3000000000466,1943.8000000000466,1911.0999999998603,2082.20000000007,1899.6000000000931,2218.100000000093,1907.3999999999069,2133.600000000093,1841.834,1817.954,1908.0135,1803.418,2103.806,1821.526,1920.253,1729.155,1716.6840000000002,1787.3555000000001,1695.057,1997.7060000000001,1718.49,1784.038,1728.0,1711.5,1790.0,1706.0,2002.0,1711.0,1789.0,1678.0,1661.5,1745.5,1656.0,1952.0,1662.0,1750.0,26.582202911376953,26.575048446655273,26.597993850708008,26.55370330810547,26.632244110107422,26.574092864990234,26.597366333007812,4.199999999953434,3.450000000069849,5.299999999930151,1.4000000001396984,13.100000000093132,3.4000000001396984,5.400000000139698,2.1000000000931323,1.8000000000465661,3.0,1.1999999999534339,4.800000000046566,1.8000000000465661,3.199999999953434,2.5,2.300000000046566,2.9000000001396984,1.6999999999534339,4.400000000139698,2.300000000046566,2.9000000001396984,1733.2999999999997,1716.6,1799.9500000000003,1700.0000000000005,2016.5,1716.6,1800.0000000000005,16.800000000000182,16.700000000000728,16.800000000000182,16.699999999999818,16.800000000000182,16.700000000000728,16.800000000000182,1180050.0,1180050.0,1180050.0,1180050.0,1180050.0,1180050.0,1180050.0
warm,local-4x,comment,0,10,101,105,2.800000000046566,2.549999999930151,3.2749999999068677,2.1000000000931323,6.2000000001862645,2.5,3.5,0.0,0.0,0.0,0.0,0.0,0.0,0.0,1.0499999998137355,0.8250000003026798,1.849999999976717,0.2999999998137355,3.3000000002793968,0.6487499999173455,2.1000000000931323,3.842500000000002,3.068499999999995,4.272500000000001,2.8740000000000014,17.437999999999995,3.018999999999994,4.583500000000001,0.07450000000000001,0.0675,0.11600000000000005,0.05800000000000011,0.8360000000000002,0.067,0.3810000000000004,0.0,0.0,0.0,0.0,0.0,0.0,0.0,0.0,0.0,0.0,0.0,0.0,0.0,0.0,0.017429351806640625,0.017429351806640625,0.017429351806640625,0.017406463623046875,0.01746368408203125,0.01741790771484375,0.017429351806640625,2.699999999953434,2.3249999998370185,3.0,1.6999999997206032,5.699999999720603,2.2999999998137355,3.1499999999068677,2.5999999998603016,2.2999999998137355,3.54999999969732,2.0,5.7999999998137355,2.1499999999068677,3.9999999997671694,2.3999999999068677,2.074999999953434,2.8999999999068677,1.6999999997206032,3.599999999627471,2.0,3.0,16.700000000000003,16.624999999999993,16.700000000000003,16.599999999999994,16.799999999999997,16.599999999999994,16.700000000000003,16.75,16.700000000000045,16.80000000000001,16.700000000000045,16.800000000000068,16.700000000000045,16.80000000000001,0.0,0.0,0.0,0.0,0.0,0.0,0.0
warm,local-4x,functions,5120,10,5242880,608575,36.0,34.9000000001397,36.52500000002328,34.0,38.200000000186265,34.60000000009313,36.75,0.0,0.0,0.0,0.0,0.0,0.0,0.0,34.25,33.12500000023283,34.57500000006985,32.59999999962747,37.200000000186265,32.8000000002794,35.153750000137315,46.196,45.28224999999999,47.748000000000005,40.321,49.63999999999999,44.413999999999994,47.977000000000004,27.1515,26.677249999999997,27.81425,25.865000000000002,29.694000000000003,26.631999999999998,28.066,0.0,0.0,0.0,0.0,0.0,0.0,0.0,0.0,0.0,0.0,0.0,0.0,0.0,0.0,1.6623306274414062,1.6472253799438477,1.6946048736572266,1.5850715637207031,1.7392730712890625,1.626230239868164,1.7019691467285156,9.24999999976717,8.649999999906868,10.12499999976717,7.899999999906868,13.299999999813735,8.5,10.449999999720603,2.0999999998603016,1.7249999997438863,2.8999999999068677,1.1999999997206032,3.3999999999068677,1.6999999997206032,3.0999999998603016,2.6499999999068677,2.2249999997438863,3.04999999969732,1.6999999997206032,3.3999999999068677,2.1999999997206032,3.0999999998603016,16.700000000000003,16.700000000000003,16.700000000000003,16.700000000000003,16.700000000000003,16.700000000000003,16.700000000000003,16.799999999999983,16.700000000000045,16.80000000000001,16.700000000000045,16.80000000000001,16.700000000000045,16.80000000000001,0.0,0.0,0.0,0.0,0.0,0.0,0.0
warm,local-4x,functions,10240,10,10485760,1215390,71.0,70.27500000002328,78.2249999998603,69.3000000002794,83.70000000018626,70.10000000009313,79.79999999981374,0.0,0.0,0.0,0.0,0.0,0.0,0.0,69.94999999995343,69.12500000011642,74.47499999997672,68.20000000018626,80.5,69.00000000023283,75.5,79.6975,77.37925,88.32675,76.69800000000001,102.67,77.112,90.36,56.6865,55.83075,61.11000000000001,54.739999999999995,69.13,55.691,62.281000000000006,69.0,68.0,72.5,67.0,79.0,68.0,75.0,19.0,18.0,22.5,17.0,29.0,18.0,24.0,4.120220184326172,4.120208740234375,4.120220184326172,4.119884490966797,4.120601654052734,4.120077133178711,4.12022590637207,45.449999999953434,44.375000000116415,45.92499999993015,6.5,55.5,43.49999999976717,47.14999999967404,2.1499999999068677,1.5249999999068677,2.3749999998835847,1.099999999627471,3.1999999997206032,1.3999999999068677,2.7499999997671694,2.7999999998137355,2.4499999998370185,3.04999999969732,2.0,3.3999999999068677,2.2999999998137355,3.099999999627471,66.6,50.0,66.69999999999999,49.89999999999999,83.30000000000001,50.0,66.69999999999999,16.700000000000045,16.700000000000045,16.799999999999997,16.700000000000045,16.80000000000001,16.700000000000045,16.80000000000001,0.0,0.0,0.0,0.0,0.0,0.0,0.0
warm,network-4x,comment,0,10,101,105,3.4000000001396984,3.0,4.075000000069849,2.1000000000931323,7.300000000279397,2.75,4.2000000001862645,0.0,0.0,0.0,0.0,0.0,0.0,0.0,1.6000000000931323,1.1249999997671694,2.375,0.2999999998137355,3.6000000000931323,0.9500000001862645,2.5,3.7669999999999995,3.0020000000000016,5.481250000000005,2.607999999999999,9.244000000000002,2.907,5.989000000000001,0.07400000000000001,0.06849999999999998,0.15725000000000006,0.06499999999999995,3.064,0.06799999999999992,0.4985,0.0,0.0,0.0,0.0,0.0,0.0,0.0,0.0,0.0,0.0,0.0,0.0,0.0,0.0,0.017425537109375,0.017425537109375,0.017425537109375,0.01740264892578125,0.017425537109375,0.017425537109375,0.017425537109375,2.899999999674037,2.3999999997904524,3.599999999627471,1.599999999627471,5.0,2.2499999997671694,3.6999999997206032,2.649999999674037,2.3999999999068677,3.0999999997438863,1.3999999999068677,6.0,2.2999999998137355,3.3999999999068677,2.3999999999068677,2.2999999998137355,3.17499999969732,2.099999999627471,4.0,2.2499999997671694,3.2999999998137355,16.69999999999999,16.599999999999994,16.700000000000017,16.599999999999966,16.799999999999983,16.599999999999994,16.700000000000017,16.80000000000001,16.799999999999955,16.800000000000054,16.700000000000045,16.800000000000068,16.75,16.800000000000068,0.0,0.0,0.0,0.0,0.0,0.0,0.0
warm,network-4x,functions,5120,10,5242880,608575,35.800000000046566,35.625000000116415,36.45000000006985,32.6999999997206,37.40000000037253,35.5,36.699999999953434,0.0,0.0,0.0,0.0,0.0,0.0,0.0,34.0,33.700000000186265,34.8000000002794,31.59999999962747,35.200000000186265,33.449999999953434,34.90000000037253,42.350999999999985,41.12825,44.58825,37.361,47.196,40.932,44.98700000000001,26.834,26.553250000000002,27.717999999999996,26.023999999999997,28.38,26.521000000000004,27.781999999999996,0.0,0.0,0.0,0.0,0.0,0.0,0.0,0.0,0.0,0.0,0.0,0.0,0.0,0.0,2.065279006958008,1.6453399658203125,2.0654640197753906,1.5914649963378906,2.1475257873535156,1.6222648620605469,2.065488815307617,9.599999999860302,8.74999999976717,10.0,8.099999999627471,11.0,8.699999999720603,10.149999999906868,2.0,1.7499999997671694,2.3999999999068677,1.5,3.0,1.6999999997206032,2.5,2.2999999998137355,2.1999999997206032,2.474999999976717,1.5,3.3999999999068677,2.1999999997206032,2.7499999997671694,16.700000000000017,16.699999999999996,16.700000000000017,16.69999999999999,16.80000000000001,16.69999999999999,16.700000000000017,16.75,16.700000000000045,16.799999999999955,16.700000000000045,16.800000000000068,16.700000000000045,16.799999999999983,0.0,0.0,0.0,0.0,0.0,0.0,0.0
warm,network-4x,functions,10240,10,10485760,1215390,71.04999999981374,69.82500000018626,72.90000000002328,68.09999999962747,77.5,69.5,73.10000000009313,0.0,0.0,0.0,0.0,0.0,0.0,0.0,69.0,68.07500000006985,71.5999999998603,67.09999999962747,75.6999999997206,68.0,71.89999999990687,82.1395,81.19300000000001,83.46324999999999,78.139,90.644,80.9175,84.50049999999999,55.5125,54.231500000000004,57.04575,53.294000000000004,60.073,54.203,57.307500000000005,68.0,67.25,69.0,65.0,74.0,67.0,69.5,18.0,17.25,19.0,15.0,24.0,17.0,19.5,4.120203018188477,4.120108604431152,4.120220184326172,4.11993408203125,4.120292663574219,4.1200714111328125,4.120220184326172,45.14999999967404,44.124999999650754,46.474999999743886,42.09999999962747,52.09999999962747,43.24999999976717,46.6999999997206,1.5499999998137355,1.4249999999301508,1.9499999999534339,1.2999999998137355,3.3999999999068677,1.3999999999068677,2.3999999999068677,2.3999999999068677,2.124999999650754,2.8249999998370185,2.0,4.0,2.099999999627471,2.8999999999068677,50.05,50.0,66.67499999999998,49.900000000000006,66.70000000000002,50.0,66.69999999999999,16.75000000000003,16.700000000000045,16.80000000000001,16.700000000000045,16.800000000000068,16.700000000000045,16.80000000000001,0.0,0.0,0.0,0.0,0.0,0.0,0.0
